Type	Question	Concepts	TRAPI	ARA/KP	Comments	Predicate	TRAPI-compatible	Not compatible BUT is something Translator should be able to answer	Not quite compatible but close	Biolink compatible	Very incompatible
summary	Is Hirschsprung disease a mendelian or a multifactorial disorder?	DOID:10487 DOID:11372 MESH:D006627 MESH:D020412					X				
summary	What is the aim of the Human Chromosome-centric Proteome Project (C-HPP)?										X
summary	What is the effect of ivabradine in heart failure after myocardial infarction?	MESH:D009203 MESH:D054143					X				
summary	What is the effect of TRH on myocardial contractility?	GO:0008437 MESH:D003285 TRFR  DOID:114 MESH:D006331 MESH:D009200 MESH:D013973					X				
summary	What are the outcomes of Renal sympathetic denervation?					https://biolink.github.io/biolink-model/docs/has_phenotype.html	X				
summary	What is evaluated using the EORTC QLQ – INFO25 questionnaire?						X				X
summary	What is the association of estrogen replacement therapy and intracranial meningioma risk?										
summary	What is known about the effect of acupuncture in smoking cessation ?										
summary	What is clathrin?	HGNC Group ID 1647				biolink:affects_expression_of	X				
summary	What are the main results of PRKAR1A Knockdown?	KAP0_BOVIN MESH:D055785 HGNC:9388				biolink:ReagentTargetedGene	X				
summary	What is the role of extracellular signal-related kinases 1 and 2 (ERK1/2) proteins in craniosynostosis?	HGNC:6877 HGNC:6871				cannot find in biolink					
summary	What is the association between personality trait of neuroticism and risk for Alzheimer's disease?										
summary	What is the mode of action of everolimus?	DB01590				Can't find biolink mapping		X			
summary	Which pathological condition of the heart is known as hypertrophic cardiomyopathy (HCM)?	MONDO:0005045				biolink:PathologicalEntityMixin					
summary	What is the function of the viral KP4 protein?	MAA_09599 NCBITaxon:1386									
summary	What is the principle of the PAR-CLIP methodology?										
summary	How is spastic diplegia diagnosed?	DOID:10965									
summary	Is there a genetic component for happiness?				this is a 'yesno' question, but mislabeled as 'summary' (?)						X
summary	What kind of affinity purification would you use in order to isolate soluble lysosomal proteins?										
summary	What is the effect of Chk2 splice variants on wild-type Chk2 kinase activity?										
summary	What is Tarlov Cyst?	MONDO:0019000									
summary	What is the extracellular core "matrisome"?										
summary	What is Genomicus?										X
summary	What is the COUGER tool?										X
summary	What is known about clinical efficacy of ceftriaxone for treatment of amyotrophic lateral sclerosis?	CHEMBL161;  DOID:332									
summary	What is the relationship between TailorX and Oncotype?										
summary	Which is the main function of "RNA sponges"?										
summary	How do histone methyltransferases cause histone modification?										
summary	What is the function of 6SRNA in bacteria?										
summary	What is a Caveolae?										
summary	How could we infer functional associations from gene fusion events?										
summary	What is the Genomic Regions Enrichment of Annotations Tool (GREAT)?										
summary	What is the role of RhoA in bladder cancer?	HGNC: 667, DOID:11054									
summary	What is the prognostic role of thyroid hormone in patients with heart failure?	DOID:6000.  CHEMBL1624									
summary	For what is Protein A from Staphylococcus aureus used in biochemistry?										
summary	What is the suggested therapy for Mycobacterium avium infection?										
summary	What is the treatment of acute pericarditis?	DOID:1787	{     "message": {         "query_graph": {             "nodes": {                 "n00": {                     "id": "DOID:1787",                     "category": "biolink:Disease"                 },                 "n01": {                     "category": "biolink:Drug"                 }             },             "edges": {                 "e00": {                     "subject": "n01",                     "object": "n00",                     "predicate": "biolink:treats"                 }             }         }     } }				X				
summary	What is the clinical value of MammaPrint?										
summary	What systems have been developed for the numbering of antibody residues?										X
summary	What is enCHIP?										
summary	What are the functions of sorting nexin 27?										
summary	What clinical use aptamers may have?										
summary	What is the mechanism of action of Nalmefene?										
summary	What is the role of invadopodia in EMT?										
summary	What are cancer driver genes?										
summary	What is a mitochondrial nucleoid?										
summary	What is the treatment of amiodarone-induced thyrotoxicosis?	DOID:7997	{     "message": {         "query_graph": {             "nodes": {                 "n00": {                     "id": "UMLS:C0342143",                     "category": "biolink:Disease"                 },                 "n01": {                     "category": "biolink:Drug"                 }             },             "edges": {                 "e00": {                     "subject": "n01",                     "object": "n00",                     "predicate": "biolink:treats"                 }             }         }     } }								
summary	How does exercise affect thyroid hormone receptors expression in the heart?										
summary	What is the effect of ivabradine in heart failure with preserved ejection fraction?										
summary	What is the mode of action of bedaquiline?										
summary	Does helicobacter pylori infection increase risk for ischemic stroke?										
summary	Describe the mechanism of action of the LINX system for treatment of gastroesophageal reflux disease.										
summary	What is the treatment of subacute thyroiditis?	DOID:7165									
summary	What are the effects of BMAL1 deficiency?										
summary	Where is the protein CLIC1 localized?										
summary	Describe the usefulness of the SPIKE database in human signaling pathways										
summary	What is the Barr body?										
summary	What is the biological role of expansins in fungi?										
summary	What is known about depression in acoustic neuroma patients?										
summary	What is the mode of action of Hsp90 inhibitors?										
summary	What is HbVar?										
summary	Can DMSO as an additive improve proteomic analysis results?										
summary	Why do we use "N-terminal proteomics"?										
summary	Describe the mechanism of action of drisapersen										
summary	How does ranolazine affect calcium handling in the heart										
summary	Which is the primary distinction between the Reverse Warburg effect and the conventional Warburg effect?										
summary	What is the role of per genes in circadian rhythm control?										
summary	What is the definition of autophagy?										
summary	Between which types of DNA bases are mutational biases introduced due to directional mutation pressure?										
summary	What is the role of AMPK in diabetic cardiomyopathy?										
summary	What is the oldest human sample analysed by paleontology proteomics?										
summary	What is membrane scission?										
summary	What is the mechanism of DNA replication termination in vertebrates?										
summary	What is the association between moon cycle and rupture risk  of intracranial aneurysms?										
summary	How homoplasy affects phylogenetic reconstruction?										
summary	What is known about the association between the use of selective serotonin reuptake inhibitors during pregnancy and risk for autism in offspring?										
summary	Why are insulators necessary in gene therapy vectors?										
summary	What is the role of SERCA in diabetic cardiomyopathy?										
summary	What is the methodological principle of ChIA-PET?										
summary	What is the association between h-index and academic rank in academic neurosurgery?										
summary	What is known about the value of mindfulness interventions in prostate cancer patients?										
summary	What is known about prostate cancer screening in the UK ?										
summary	The secreted frizzled-related protein 3 (sFPR3) is altered in human cancers. Are its level found to increase or to decrease?										
summary	Albumin depletion is a common first step for proteomic analysis of CSF fluid. What is the advantage and disadvantage of this procedure?										
summary	How are lincRNA affecting the regulation of gene expression?										
summary	What is known about thalidomide therapy and survival of glioblastoma patients?										
summary	Which is the definition of pyknons in DNA?										
summary	What is the role of deadenylases in the cell?										
summary	How could U1 small nuclear RNA be used in therapeutics?										
summary	What is the influence of patent expiry on  ACE inhibitor prescribing.										
summary	How effective is the dentritic cells treatment on cancer?										
summary	What is known about the reimbursement of Viagra										
summary	Why is lock mass used in Orbitrap measurements?										
summary	How does trimetazidine affect intracellular kinase signaling in the heart?										
summary	What was the aim of the COSS (Carotid Occlusion Surgery Study) clinical trial?										
summary	What are the clinical trial outcomes of metformin use in polycystic ovary disease?										
summary	What is the association between Generalized anxiety disorder and mortality risk?										
summary	Which treatment leads to an increase in neutrophil counts in severe congenital neutropenia?										
summary	What is the effect of resveratrol on mTOR activity?										
summary	What is the role of AMPK kinase in myocardial remodeling after myocardial infarction										
summary	What is the mechanism of action of solanezumab?										
summary	Which phenomenon is known as the "calcium paradox" in the isolated perfused heart?										
summary	How do Hsp70 and Hsp110 affect mRNA stability?										
summary	What is Prudent Diet?										
summary	What is the role of necroptosis in cancer therapy?										
summary	What is FINDbase?										
summary	Why does the prodrug amifostine (ethyol) create hypoxia?										
summary	What is considered a reliable technique for the definitive cytogenetic diagnosis of Fanconi anemia homozygosity?										
summary	What is the role of lysine-specific demethylase 1 (LSD1) in hematopoiesis?										
summary	How are induced pluripotent stem cells used in the study and treatment of cardiovascular diseases?										
summary	How is the sequence variability defined in antibodies?										
summary	What is TFBSshape?										
summary	What is the main characteristic of Amyotrophic Lateral Sclerosis?										
summary	Which is the mechanism used for synthesis of a highly functional N-truncated dystrophin isoform that attenuates dystrophinopathy?										
summary	What constitutes an increased risk for individuals with Fanconi anemia?										
summary	what is the role of IGF-1 in cardiac regeneration after myocardial infarction?										
summary	What is known about prostate cancer screening in the UK										
summary	what is the role of TGFbeta in cardiac regeneration after myocardial injury?										
summary	What is the function of the mammalian gene Irg1?										
summary	What is the systemic nickel allergy syndrome?										
summary	What is the role of ELMO1 gene in cell migration?										
summary	What is the biological role of K-48 linked protein ubiquitination?										
summary	What is known about Vancomycin dosing in neonates?										
summary	Which histone modifications have been associated to alternative splicing?										
summary	What is a P-body (processing body)?										
summary	What is the mechanism of action of decitabine?										
summary	What are the main characteristics/symptoms of the "Brugada" syndrome										
summary	How does thyroid hormone regulate mitochondrial biogenesis in the myocardium?										
summary	What is the genomic structure of the FAA (FANCA) gene?										
summary	What is Snord116?										
summary	Which is the genetic cause for the development of Fanconi anemia complementation group D1?										
summary	What are the most frequent non-canonical sequence motifs at the donor and acceptor splice sites in vertebrates?										
summary	Why does cranberry juice help combat urinary tract infections?										
summary	What is the functionality of the Triplex R/bioconductor package?										
summary	What is transvection?										
summary	What is the role of probiotics in gastrointestinal disease?										
summary	What species is associated with Tetrodotoxin?										
summary	How do HBS1L-MYB intergenic variants regulate fetal hemoglobin?										
summary	What is the genetic basis of propionic acidemia?										
summary	What is the risk in G-CSF treatment for severe congenital neutropenia?										
summary	Which is the treatment strategy followed in spinocerebellar ataxia type 3 for CAG removal?										
summary	Where is the angiogenin binding element  located?										
summary	Which event results in the acetylation of S6K1?										
summary	What is protein carbamylation?										
summary	What is the role of Inn1 in cytokinesis?										
summary	What is the definition of minimal absent words?										
summary	What is the common feature in congenital central hypoventilation and Mowat-Wilson syndromes?										
summary	What symptoms characterize the Muenke syndrome?										
summary	How does dabigatran therapy affect aPTT in patients with atrial fibrillation?										
summary	What pharmacological and non-pharmacological interventions can be considered as prophylactic therapies in Cluster Headache patients?										
summary	How does phospholamban affect the biological activity of the calcium ATPase SERCA?										
summary	What is known about the Digit Ratio (2D:4D) cancer?										
summary	What do studies show about the effect of Induced hypothermia in premature babies?										
summary	Describe what is the advantage of using a stain free protein gel in a Western Blot experiment?										
summary	What states the second parity rule (PR2)?										
summary	Explain the concept proteostasis.										
summary	What is the association between adiponectin and migraine?										
summary	Which phenomenon is described as oncogene addiction?										
summary	What is the scope of the OMIA database?										
summary	What is the effect of methotrexate in treating uveitis due to juvenile idiopathic arthritis ?										
summary	What is HOCOMOCO?										
summary	What is the result of the interaction between TSC1 and PLK1?										
summary	What are the characteristics of the "Universal Proteomics Standard 2" (UPS2)?										
summary	What type of arrhythmia is known as bidirectional ventricular tachycardia (BDVT)?										
summary	Where does TORC1 sequester during heat stress?										
summary	What is the usefulness of ultraconserved elements in phylogeny?										
summary	Which are the characteristics of the Meier-Gorlin syndrome?										
summary	What is the role of Hsp90 inhibition in cancer therapy?										
summary	What is the mechanism of action of anticoagulant medication Dabigatran?										
summary	What is the function of the yeast protein Aft1?	SGD:S000003039									
summary	What is the role of mismatched uracil glycosylase (Mug) in DNA repair?										
summary	What is the effect of Allopurinol on asphyxia in neonates?										
summary	When is the protein NFL a biomarker?										
summary	How does thyroid  hormone  regulate  SR-Ca2+ ATPase  (SERCA) protein in the heart?										
summary	Which is the most well-accepted method for Down syndrome non-invasive prenatal diagnosis?										
summary	Elaborate on the association between Genomic Regulatory Blocks (GRBs) and target genes										
summary	Which therapeutic interventions for sarcopenia have been  applied										
summary	What is the genetic basis of progeria?										
summary	Describe July Effect.										
summary	Which are the main functions of the human HuR (ELAVL1) protein in fibroblasts?	HGNC:3312									
summary	What is the role played by mTOR in hypertrophic response and heart failure?										
summary	What is the mechanism of action of DNA topoisomerase II inhibitors?										
summary	what is the role of FGF-2 in cardiac regeneration after myocardial infarction?										
summary	What is Tn-seq?										
summary	Which is the most common genetic lesion among patients with Joubert Syndrome and a cerebello-oculo-renal phenotype?										
summary	How is CBX1/M31 related to position-effect variegation?										
summary	Describe the mechanism of action of aliskiren.										
summary	What is the role of photodynamic therapy for meningioma treatment?										
summary	What is the Arnold-Chiari syndrome?										
summary	What is the biological role of SERCA2 SUMOylation in cardiac physiology and pathophysiology, such as in heart failure?										
summary	What is known about MER41 repeat sequences?										
summary	How functional connectivity of the default mode network changes in patients with disorders of consciousness?										
summary	What is the pyroptotic pathway?										
summary	What is the function of the AtxA pleiotropic regulator?										
summary	What is evaluated with the Hydrocephalus Outcome Questionnaire?										
summary	What is known about maternal smoking and brain tumor risk?										
summary	Which metazaon species or taxa are known to lack selenoproteins										
summary	How are CpG island shores defined?										
summary	What is the role of edaravone in traumatic brain injury?										
summary	what is the role of erythropoietin in cardiac regeneration after myocardial infarction?										
summary	What are the hallmarks of congestive heart failure?										
summary	What is the reason for the narcolepsy cases developed after H1N1 influenza vaccination?										
summary	What is the mechanism of action of ocrelizumab for treatment of multiple sclerosis?										
summary	What are viral vectors used for in optogenetics?										
summary	Why graphics processing units (GPU) are more suitable for biological tasks than central processing units (CPU)?										
summary	What are the treatments of choice for GIST (gastrointestinal stromal tumor)?										
summary	What is the function of TALENs?										
summary	Show results of randomised controlled trials for certolizumab pegol.										
summary	What is the role of thyroid hormone receptor alpha1 in insulin secretion?										
summary	Which are the main features of CREST and other ALS-linked proteins?										
summary	What is the relationship between nucleosomes and exons?										
summary	What is DeepCAGE?										
summary	What are the Topological Domains (TADs)?										
summary	What is the vibrational theory of olfaction?										
summary	What is the application of the ASSET algorithm in C.elegans?										
summary	What are the pyknons?										
summary	Describe what is the usage of the Theatre software tool for genomic analysis.										
summary	How are CRM (cis-regulatory modules) defined?										
summary	What is oprozomib?										
summary	What is the mechanism of microRNA deregulation in carcinogenesis?										
summary	What is the role of venous angioplasty in multiple sclerosis?										
summary	Which type of cell death is known as anoikis?										
summary	What is Piebaldism?										
summary	What is the mechanism of action of APOBEC3G cytidine deaminase to inhibit HIV-1 replication?										
summary	What is ISMARA?										
summary	Where does TDP43 localize in ALS neurons?										
summary	What is the basis of the methodology of "functional class scoring" (FCS) for the analysis of gene expression data?										
summary	What is the Timothy syndrome?										
summary	Which is the underlying mechanism for exon skipping used to treat Duchenne muscular dystrophy?										
summary	What is the advantage of using long nano columns in proteomics?										
summary	What is the treatment of Riedel disease (thyroiditis)?										
summary	What is the evolutionary process described by the "Muller's ratchet" model?										
summary	What is the association between proBNP serum concentrations and stroke outcomes?										
summary	What is the effect that EZH2 has on chromatin?										
summary	What are the generic versions of Viagra										
summary	How could iPSCs be used for the treatment of diabetes?										
summary	What is Sotos syndrome?										
summary	What is the CRAPome database?										
summary	How is yellow fever virus transmitted?										
summary	How does TNF affect thyroid hormone receptors?										
summary	What is the effect of dovitinib on the cell cycle?										
summary	What is the involvement of PDGFRB in metastatic medulloblastoma?										
summary	What is known as Calcium Induced Calcium Release (CICR) and its role in cardiomyocyte contractility?										
summary	What is the action of molindone?										
summary	What is the function of the enzymes known as dual specificity phoshpatases (DUSPs)?										
summary	How are human accelerated regions (HAR) defined?										
summary	How are GRBs (Genomic Regulatory Blocks) defined?										
summary	What is STARR-seq?										
summary	What is the effect of ROS on cyclin B1?										
summary	Provide examples of how molecular transporters contribute to multi-drug resistance in bacteria.										
summary	What is the minimal genome build?										
summary	Describe Malgaigne fracture.										
summary	Define marine metaproteomics										
summary	What is GRO-seq?										
summary	What is the role of Caenorhabditis elegans Heterochromatin protein 1 (HPL-2) in development?										
summary	What are the pregnancy outcomes in rheumatoid arthritis?										
summary	What is DNAshape?										
summary	How are thyroid hormones involved in the development of diabetic cardiomyopathy?										
summary	How histone deacetylation causes transcriptional gene silencing?										
summary	What is the effect of SAHA treatment in Huntington's disease?										
summary	What is known about the role of mHealth in the prevention of disease?										
summary	How does ranolazine affect kinase signaling activation in the heart?										
summary	Which depression rating scales were shown to have acceptable psychometric properties for screening of poststroke depression?										
summary	What is the mechanism of action of  trichostatin A (TSA) as an antitumoral agent?										
summary	What is known as the cause of subacute thyroiditis?										
summary	Why can't humans synthesize Neu5Gc (N-Glycolylneuraminic acid)?										
summary	Elaborate on the TREAT-NMD initiative for DMD patients										
summary	What are the characteristics of Christianson syndrome?										
summary	What heterotachy states about molecular evolutionary processes?										
summary	What is known about depression in caregivers of brain tumor patients?										
summary	What are the effects of homozygosity of EDNRB mutations in addition to Hirschsprung disease?										
summary	Which is the major function of sororin?										
summary	What are piggyBAC transposons?										
summary	what is the role of GATA-4 in regeneration of the heart after myocardial infarction?										
summary	How does adrenergic signaling affect thyroid hormone receptors?										
summary	Which kinase is regulating stress granule biogenesis?										
summary	What is the association between cell phone use and glioblastoma?										
summary	What are the main characteristics of Catecholaminergic Polymorphic Ventricular Tachycardia (CPVT)?										
summary	what is the role of prostaglandins in cardiac regenaration after myocardial infarction?										
summary	What is the general function of H3K79 methylation?										
summary	Where can we find the protein dermcidin?										
summary	Describe Mozart effect.										
summary	What is the purpose of the Tokuhashi scoring system?										
summary	By which mechanism MutT proteins act against DNA lesions in bacteria?										
summary	What is the role of anhedonia in coronary disease patients?										
summary	What is  the clinical value of naltrexone in Parkinson's disease patients?										
summary	What is the efficacy of oxaliplatin monotherapy in the management of colorectal cancer?										
summary	Which is the molecular function of the protein CCDC40?	axoneme assembly; lung development; cilium movement									
summary	What is the role of  chromomethylases in plants?										
summary	What is Cerebral Cavernous Malformation?										
summary	How does Rif1 regulate DNA replication?										
summary	What is known about food intolerance and gluten ?										
summary	What is known about the effectiveness of electronic food diaries ?										
summary	Which biological process in known as Endoplasmic Reticulum-Associated Protein Degradation (ERAD)?										
summary	What is known about the economic cost of urinary incontinence?										
summary	What is known about diseases associated with mutations in the CHCHD10 gene?										
summary	Give examples of next-generation sequencing applications in mutation screening?										
summary	What is BioASQ?										
summary	What is the role of the histidine rich calcium binding protein (HRC) in cardiomyopathy?										
summary	What is the effect of amitriptyline in the mdx mouse model of Duchenne muscular dystrophy?										
summary	What is known about potential implication of thyroid hormone receptors in arterial hypertension?										
summary	What is the mechanism of action of abiraterone?										
summary	Do ephrins play a role in brain cancer?										
summary	What is the definition and the biological role of epithelial-mesenchymal transition (EMT)										
summary	What is smFISH?										
summary	What is the correlation between SPARC expression and growth inhibition in human cancer?										
summary	How does dronedarone affect thyroid hormone signaling in the heart?										
summary	What are the functions of the ESCRT machinery?										
summary	What is the role of TRH in hypertension?										
summary	What is the role of NETs in systemic lupus erythematosus?										
summary	What is known as Von Hippel–Lindau disease or syndrome?										
summary	Which mechanisms underlie adaptive mutagenesis (stationary-phase mutagenesis) in Bacillus subtilis?										
summary	Describe the usefulness of Macrostomum lignano in ion channel and stem cell research										
summary	What is the INSURE procedure in premature babies.										
summary	How thyrocyte destruction is induced in autoimmune thyroiditis?										
summary	What causes erucism?										
summary	How does Hst5 (histatin 5) affect infections by Candida glabrata?										
summary	Which is the localization of the RIFIN family of proteins?										
summary	What is the suggested clinical management of Fanconi anemia?										
summary	Describe Hot water reflex epilepsy.										
summary	Which is the mechanism used by bacteria to induce tumors in Arabidopsis?										
summary	What is the idea behind the fractal globule that has been proposed as a model of chromatin conformation in the nucleus of a cell?										
summary	What is SHAPE-Seq?										
summary	Describe the involvement of conserved noncoding sequences in the regulation of Hox genes.										
summary	Give an overview of visualizing genomes with oligopaint FISH probes.										
summary	What is Targeted Chromatin Capture (T2C)?										
summary	What are the reported adverse effects of topical minoxidil?										
summary	Describe Heyde syndrome.										
summary	What is the main biological function of the CRISPR-CAS9 genome editing system?										
summary	What is 2d 4d ratio in athletes.										
summary	What is the association between moon cycle and rupture risk of intracranial aneurysms?										
summary	What is the role of brain natriuretic peptide in traumatic brain injury patients ?										
summary	What is the association between NT-proBNP and cognitive function?										
summary	Is there any evidence of dysregulated long non coding RNAs and Alzheimer's disease?										
summary	What is known about type D personality trait in cancer patients?										
summary	what is the role of MEF-2 in cardiomyocyte differentiation?										
summary	What is the the Menzerath-Altmann law?										
summary	Describe the known functions for the prothymosin alpha c-terminal peptide?										
summary	What is the role of the Ada O6-alkylguanine alkyltransferase in bacteria?										
summary	Super-SILAC is a method used in quantitative proteomics. What is the super-SILAC mix? (SILAC: Stable Isotopic labelling by aminoacids in cell culture)										
summary	What is known about efficacy of the high dose intravenous ascorbate in the treatment of cancer patients?										
summary	What is ChiRP-seq (Chromatin Isolation by RNA Purification sequencing)?										
summary	What is the use of MammaPrint and Oncotype DX?										
summary	How can DUF families be deciphered?										
summary	What is the treatment of choice  for gastric lymphoma?										
summary	What are the applications of a Dermaroller ?										
summary	What is the mechanism of action of eprotirome?										
summary	What is the role of music therapy in coma patients.										
summary	What is GDF10?										
summary	Other than protein coding potential, what features set apart long non-coding RNAs from protein coding genes?										
summary	How does thyroid hormone affect insulin resistance in the heart?										
summary	Describe mechanism of action of PLX3397 drug.										
summary	Which deficiency is the cause of restless leg syndrome										
summary	Describe clinical presentation of Parkinsonism with dementia of Guadeloupe syndrome.										
summary	Describe armoured brain syndrome.										
summary	What is the role of Thyrotropin Releasing Hormone in the treatment of comatose patients?										
summary	What are the signatures of aggressive periodontitis?										
summary	What is the principle of ATAC (Assay for Transposase-Accessible Chromatin) technique?										
summary	What is the genetic basis of progeria										
summary	What is the "Proteomic ruler"?										
summary	What is the mechanism by which HIV-1-encoded Vif protein allows virus replication?										
summary	What is the mechanism of cementogenesis in pulp regeneration?										
summary	What is the effect of ranolazine in diastolic heart failure?										
summary	Elaborate on the potential efficacy of gemcitabine for the treatment of recurrent, platinum-resistant epithelial ovarian cancer.										
summary	How does Foxa transcription factor exhibits its pioneering function?										
summary	Describe the isolation of transcription factor complexes by in vivo biotinylation tagging and direct binding to streptavidin beads, as applied for the case of the essential hematopoietic transcription factor GATA-1.										
summary	What are the molecular characteristics of the FAA (FANCA) cDNA?										
summary	What are the skeletal muscle satellite cells?										
summary	What is the role of neurogranin in Alzheimer's disease patients?	HGNC: 8000									
summary	What is the association between GERD and gluten ?										
summary	What is the use of emulsion PCR in Next Generation Sequencing?										
summary	What is the role of thyroid hormone in Stem cell differentiation?										
summary	What is the function of the MTH1 enzyme in cancer cells?	glucose membrane transport in other cells; signal transduction in other cells; don't know anything about cancer cells specifically (not in GO, at any rate)									
summary	What are the observations regarding telomere integrity and function in Fanconi anemia?										
summary	What is the role of the Tsix gene during X chromosome inactivation?										
summary	What is the advantage of neutral loss detection in phosphoproteomics?										
summary	What is the mechanism of drug-induced gingival overgrowth?										
summary	What is ceritinib?										
summary	What is the main mechanism by which human papillomavirus proteins E6 and E7 contribute to cell transformation?										
summary	What is the implication of histone lysine methylation in medulloblastoma?										
summary	What is the Orco protein in mosquitos?										
summary	What is the role of 5hmC (5 hydroxy-methyl-Cytocine) in differentiation?										
summary	What is CRISPRi?										
summary	How is mTORC1 involved in the regulation of heat stress?										
summary	What is the basic secondary structure of the variable domains of a typical antibody?										
summary	How does long-range epigenetic silencing (LRES) occur?										
summary	Under which conditions does AMPK phosphorylate TSC2?										
summary	What colonoscopy findings have been reported in autism										
summary	What is a disordered protein?										
summary	What is the catalytic mechanism of DNA (cytosine-5) methyltransferases?										
summary	What is the mechanism of action of geldanamycin?										
summary	What is the association between number of pregnancies and rheumatoid arthritis										
summary	How Flaviviridae family of viruses infects vertebrates?										
summary	What was the aim of the HAMLET clinical trial?										
summary	Can we use prodrug amifostine to protect healthy cell during chemotherapy?										
summary	What is the molecular pathogenesis of Spinal Muscular Atrophy?										
summary	Elaborate on the link between conserved noncoding elements (CNEs) and fractality.										
summary	What is known about the Kub5-Hera/RPRD1B interactome?										
summary	What is Desomorphine?										
summary	What is the result of Mff overexpression in mitochondria?										
summary	What is FFI, fatal familial insomnia										
summary	Elaborate on the role of CARMEN in cardiac specification.										
summary	What is the mechanism of action of peginesatide?										
summary	Describe mechanism of action of Eteplirsen?										
summary	What is the importance of Janus Kinases in dermatology?										
summary	What is the role of ZNF335 in microcephaly?										
summary	What are the exonic splice enhancers?										
summary	What are the birth defects associated with Zika-virus infection?										
summary	What is Neisseria adhesin A?										
summary	What causes Scurvy?										
summary	Describe clinical presentation of Ambras syndrome.										
summary	What is MINDY-1?										
summary	What is the benserazide's mechanism of function when co-administered with L-DOPA in patients with Parkinson's Disease?										
summary	What is regioneR?										
summary	What are reactive metabolites?										
summary	What is the "wearing-off" phenomenon in levodopa-treated patients with Parkinson's Disease?										
summary	What are prions?										
summary	What is sQTLseekeR?										
summary	What is Creutzfeldt-Jakob Disease (CJD)?										
summary	Describe what is athelia syndrome?										
summary	What is BioCreative?										
summary	What is Eteplirsen (Exondys 51)?										
summary	What are the SINEUPs?										
summary	What is the mechanism of action of raxibacumab?										
summary	What is the effect of CPEB3 binding to the CPE domain?										
summary	What is the Shelterin complex?										
summary	What are PD-1 inhibitors?										
summary	What do statins do?										
summary	What is Path2PPI?										
summary	What are some of the effects of Zika Virus in infected individuals?										
summary	What is the function of Oseltamivir when administered during flu?										
summary	What is the composition of the gamma-secretase complex?										
summary	What is the role of cohesins at the IFNG locus?										
summary	Describe Wellens' Syndrome.										
summary	What is the function of transthyretin in cerebrospinal fluid?	Unspecified tissue: thyroid hormone binding; purine nucleobase metabolic process									
summary	Where is the protein slitrk1 localized?										
summary	Describe clinical manifestation of the Harlequin syndrome.										
summary	What is the role of the constitutive photomorphogenesis 9 signalosome (CSN)?										
summary	What is Legg-Calvé-Perthes Disease										
summary	What is promoted by ERAP1-ERAP2 dimerization?										
summary	What is adhesive capsulitis										
summary	Describe the applicability of Semantic MediaWiki in the case of FANTOM5										
summary	What is the mechanism of action of Osimertinib?										
summary	What is Bartter syndrome?										
summary	What is the function of the Indian hedgehog protein in chondrocytes?										
summary	What is the major difference between eucaryotes and procaryotes?										
summary	What is the HSP70-HSP110 disaggregase machinery?										
summary	Describe the usefulness of MiRduplexSVM.										
summary	What kind of analyses are performed with the software tool "unipept"										
summary	What is "Epitranscriptome analysis"?										
summary	What is Bexsero?										
summary	What is the mechanism of action of the biguanide class of diabetes drugs?										
summary	Where is the proteasome located?										
summary	What is clinical presentation of the Gardner-Diamond syndrome?										
summary	Define lncRNA.										
summary	What are Septins?										
summary	What makes telomerase a good drug target?										
summary	What is DENdb?										
summary	What is the doRiNA database?										
summary	What is the connection between furin and hepcidin?										
summary	Which cells express CIDEC protein in humans?										
summary	What is the purpose of the Orpington Prognostic Scale?										
summary	What is the applicability of the MCAST algorithm?										
summary	What is the function of yeast Clr4 on chromatin?										
summary	What is the role of LIMT lncRNA?										
summary	What are Kupffer cells and what is their role?										
summary	What is known about saponins in crops and human consumption?										
summary	What is the role of histone variant H2A.W?										
summary	Which are the main brain dysfunctions caused by hyperbilirubinemia?										
summary	Describe clinical applications of the PIM2 scoring system.										
summary	Which disease is associated with mutations in SLC40A1 gene?	HGNC: 10909									
summary	Describe Exploding head syndrome.										
summary	Describe crowned dens syndrome.										
summary	How are looped genes identified in yest?										
summary	What is the function of the DGAT1 gene product?										
summary	What is the purpose of HaploReg v4?										
summary	What is Mondor's disease?										
summary	How are immediate early genes (IEG) defined?										
summary	What is the role of Laser Interstitial Thermal Therapy in glioma treatment?										
summary	What is known about telomere length shortening and stress?										
summary	What is LedPred?										
summary	What are Degrons?										
summary	What is the role of Lysine 2-hydroxyisobutyrylation?										
summary	What is REVIGO?										
summary	What is the mechanism of action of onartuzumab?										
summary	Which disease(s) are caused by HEX A deficiency?	HGNC: 4878									
summary	What is Behçet's disease										
summary	What is the link between Ctf4 and Chl1 in cohesion establishment?										
summary	How is primary intestinal lymphangiectasia (PIL) caused?										
summary	What are congenital disorders of glycosylation?										
summary	What is the function of the protein tafazzin?										
summary	What are assassin bugs?										
summary	Where are the unipolar brush cells localized?										
summary	What is DECKO?										
summary	What is a mimotope vaccine?										
summary	Describe clinical manifestation of the Mal de debarquement syndrome.										
summary	What is the mechanism of action of verubecestat?										
summary	How are triple negative gliomas characterized?										
summary	What is ectopia lentis?										
summary	What is the function of gasdermin D?										
summary	What is TOPAZ1?										
summary	What is the Genome 10K Project?										
summary	What is MIRA-seq?										
summary	How does Ssu72 mediate gene looping?										
summary	What is the role of peptide aptamers?										
summary	What is the Glasgow Coma score?										
summary	What is the mechanism of action of Pictilisib?										
summary	What are sirtuins?										
summary	What is ChIPpeakAnno?										
summary	Describe ATR-16 syndrome.										
summary	What is the mechanism of action of Romosozumab?										
summary	What is the function of the Mis18 protein?										
summary	What is PANTHER-PSEP?										
summary	What is MPE-seq?										
summary	Describe the mechanism of action of Bezlotoxumab?										
summary	What is the biological function of the SRY circular RNA (circRNA)?										
summary	What is Uhl's anomaly?										
summary	Can aspirin be used in cancer prevention?										
summary	What is the link between TB (Turbeculosis) infection and TNFa inhibition?										
summary	What happens upon disruption of a TAD boundary?										
summary	What is the CEGA catalog?										
summary	What is magnetoreception?										
summary	What is the role of the Ctf4-interacting-peptide or CIP-box?										
summary	What is the function of mTOR?										
summary	Describe the applicability of Basset in the context of deep learning										
summary	What is the role of the MCM2-7 complex?										
summary	Describe the usefulness of CAMUR in The Cancer Genome Atlas (TCGA)										
summary	What is the function of lncRNA?										
summary	What is the function of the exosome?										
summary	What is metaSPAdes?										
summary	What is the function of the dormancy survival regulator (DosR) in Mycobacterium tuberculosis?										
summary	Which are the effects of ALDH2 deficiency?										
summary	What is the role of the positive effector of transcription (pet) in the hepatitis B virus?										
summary	What is the role of Kmt5a in liver?										
summary	What is the difference between ganglion mother cells (GMC) and intermediate neural precursor cells (INP) in Drosophila?										
summary	What is the FIRE (Functional Inference of Regulators of Expression) tool?										
summary	Describe mechanism of action of Napabucasin.										
summary	Which are the properties of mammalian GA-sequences?										
summary	What is the main focus of the CVE R/Bioconductor package?										
summary	What is the origin of XUT transcripts in yeast?										
summary	What is oclacitinib?										
summary	Which yeast nucleosomes are preferentially marked by H2A.Z?										
summary	How are topologically associating domains (TAD) associated with replication timing?										
summary	How are cryptic unstable transcripts (CUTs) defined?										
summary	What is mechanism of action of galunisertib?										
summary	What is the relationship of fyn kinase and tau?										
summary	Which is the transcriptome of RNA polymerase III?										
summary	What is the purpose of the FRAX scale?										
summary	Has Cas9 gene editing the potential to correct inhereted hearing loss?										
summary	How may CTCF mediate splicing?										
summary	What is the function of the TFIIS transcriptional factor (Dst1) in yeast?										
summary	What is the genetic basis of the Delayed Sleep-Phase Syndrome (DSPS)?										
summary	What are jakinibs?										
summary	Describe GARLIC (GWAS-based Prediction Toolkit for Connecting Diseases and Cell Types)										
summary	How does Dst1 knock-out affect transcription in yeast?										
summary	What is the function of yeast TERRA RNAs?										
summary	What is masitinib an inhibitor of?										
summary	What is the function of the H19 (ICR) locus in the human genome?										
summary	What is the mode of action of teriparatide?										
summary	What is the Strelka workflow?										
summary	Describe the Manta algorithm for detection of structural variants										
summary	Describe mechanism of action of Ozanimod.										
summary	Describe swirl sign in intracerebral hemorrhage.										
summary	What is Morgellons disease?										
summary	What is Cellbase?										
summary	What is the asosciation between the eustachian tube and the palatine muscle of the uvula?										
summary	What is the definition of General Regulatory Factors (GRFs)?										
summary	Why is the Fyn kinase considered a promising therapeutic target for Alzheimer's Disease?										
summary	What is the link between TADs and GRBs?										
summary	What is Target Explorer?										
summary	What does the human IVIG treatment for Alzheimer's disease contain?										
summary	What is the mechanism of the auxin-inducible degron system?										
summary	What does VBP15 do to skeletal muscle?										
summary	What is filgotinib?										
summary	What is Q-nexus?										
summary	What is the mechanism of action of Tisagenlecleucel?										
summary	What is LHON, also known as Lebers syndrome?										
summary	What is the ReliableGenome?										
summary	Which is the specificity of deubiquitinase USP25?										
summary	Can a circRNA be translated into protein?										
summary	What is the phenomenon of gene kissing?										
summary	Where do centromeres locate according to the Rabl orientation of eukaryotic nuclei?										
summary	What is the function of STAR elements in yeast telomeres?										
summary	How does parathyroid hormone affect circulating levels of periostin?										
summary	What is MINDY (motif interacting with Ub-containing novel DUB family)?										
summary	What is cebocephaly										
summary	How can network assortativity be applied in the three-dimensional analysis of the genome?										
summary	How is CTCF activated post-translationally?										
summary	What is the HPG pore?										
summary	What is miravirsen?										
summary	What is GenomeVIP?										
summary	What is BBCAnalyzer?										
summary	What is the purpose of the FaceBase consortium?										
summary	What is TCGA2BED?										
summary	Describe nursemaid's elbow injury.										
summary	What is trismus?										
summary	What is mechanism of action of Benralizumab?										
summary	Describe the Match BAM to VCF (MBV) method.										
summary	What is the mechanism of action of Fremanezumab?										
summary	Is trastuzumab associated cardiotoxicity reversible?										
summary	What is the role of nimotuzumab in treatment of pontine glioma?										
summary	Describe annotatr										
summary	What is Blount's disease?										
summary	Describe mechanism of action of Nusinersen.										
summary	Describe King–Kopetzky syndrome.										
summary	What is the 959 Nematode Genomes initiative?										
summary	What is CellMaps?										
summary	Describe SNP2TFBS										
summary	What is SMiLE-seq?										
summary	What is libgapmis?										
summary	Describe JACUSA										
summary	What is the mechanism of action of Tezepelumab?										
summary	What is the association between kidney donation risk of gestational complications?										
summary	Describe the RNA Centric Annotation System (RCAS)										
summary	What is Chronic Wasting Disease (CWD) in deer?										
summary	What does A1C measure?										
summary	What is craniosynostosis?										
summary	Describe Click-PEGylation										
summary	A SLEDAI score is associated with Systemic Lupus Erythematosus. What is a SLEDAI score?										
summary	What is the aim of the 4D nucleome project?										
summary	When is 16S rRNA Gene Sequencing used?										
summary	What is the association of circular RNA to breast cancer?										
summary	Describe RIblast										
summary	What is Alzheimers disease resilience?										
summary	Describe Achenbach’s syndrome.										
summary	What is host induced gene silencing?										
summary	What is maternal spindle transfer?										
summary	What is the role of tankyrases in response to Double Strand Breaks (DSBs)?										
summary	How do circRNAs relate to tumorigenesis?										
summary	What is the role of the blood-brain barrier?										
summary	What is PARP inhibitor (PARPi) resistance?										
summary	What are pQTLs?										
summary	What is Dysphoric Milk Ejection Reflex?										
summary	What is the "protein inference problem"?										
summary	What is the link between lithium use during pregnancy and Ebstein anomaly?										
summary	What does the Ribosome-bound Quality Control complex do?										
summary	Describe mechanism of action of Romosozumab.										
summary	Which proteins are regulated by Nrf2?										
summary	What is the purpose of the Tabix tool?										
summary	What is MULTOVL?										
summary	How is Hsd17b1 associated with endometriosis?										
summary	What is INCB3619?										
summary	What is crenezumab?										
summary	Describe Vanishing lung syndrome.										
summary	What is calciphylaxis										
summary	What is the alternative lengthening of telomeres?										
summary	Which organ express and secretes the hormone FGF21?										
summary	What is the biological role of Neddylation?										
summary	What is break induced replication?										
summary	What is a fibrocyte?										
summary	What is the aim of the PhenCode database?										
summary	What is the basis of the Sp3 procedure used in proteomics?										
summary	What is "enhancer hijacking"?										
summary	What disease is tinea ?										
summary	How are deletion breakpoints defined?										
summary	How is the nuclear localization of lncRNA mediated?										
summary	What is ATAC-seq?										
summary	What is the TALE-iD method used for?										
summary	What is Paget's Disease?										
summary	What is the function of penicillinase, also known as beta lactamase?										
summary	What is caused by the ectopic expression of CTCF?										
summary	What is the dardarin protein?										
summary	What is myelin?										
summary	What is Dupuytren's contracture?										
summary	What phenotype is associated with the V60L mutation in the human MC1R gene?										
summary	What is the aim of  perfoming a "cycloheximide chase assay"?										
summary	What is Mendelian randomization?										
summary	What is hemolacria?										
summary	What is the 3D genome browser?										
summary	Are gut proteobacteria associated with inflammatory disease?										
summary	Describe genomiser										
summary	What is TPMCalculator?										
summary	Describe clinical presentation of Escobar syndrome.										
summary	What is small-activating RNA?										
summary	What is the mechanism of action of Ivosidenib?										
summary	Which is the basis of the ATAC-Seq protocol?										
summary	What is vcfanno?										
summary	What is the association of Disease-Associated STRs (daSTRs) with domain boundaries?										
summary	What is the link between ultraconserved elements and three-dimensional mammalian genome organization?										
summary	What are the "Ohnologs"?										
summary	What is TissueEnrich?										
summary	Describe OligoSTORM										
summary	Describe the mechanism of action of ibalizumab.										
summary	Describe information obtained by immunophenotyping.										
summary	What is the mechanism of action of Emicizumab?										
summary	What is DiseaseEnhancer?										
summary	What is the function of GFRAL?										
summary	What is the role of ZCCHC17?										
summary	What is latex bead phagocytosis?										
summary	Describe CGmapTools										
summary	How is the Regulatory Trait Concordance (RTC) calculated?										
summary	What is filipin staining used for?										
summary	What is the function of the Nup153 protein?										
summary	How can PEGylation improve recombinant drugs?										
summary	Describe GeneCodeq										
summary	What is the mechanism of action of arimoclomol?										
summary	What is the purpose of the Ottawa Ankle Rule?										
summary	What is CIBERSORT used for?										
summary	What is PANDAS disease?										
summary	What is CPX351?										
summary	What is ivosidenib?										
summary	Describe symptoms of the Visual snow syndrome.										
summary	What is the role of the Leucosporidium ice-binding protein										
summary	What is the aim of the METABRIC project?										
summary	What is ferroptosis?										
summary	Briefly describe a deep learning system that is more accurate than human experts at detecting melanoma.										
summary	What is the mechanism of action of durvalumab?										
summary	What is GeneWeaver used for?										
summary	Endolymphatic hydrops is associated with Meniere’s disease. Please provide a summary of endoymphatic hydrops including the symptoms and affected body part.										
summary	What is the mechanism of action of Alpelisib?										
summary	What is eravacycline?										
summary	What is PEGylation?										
summary	Describe the 4D-CHAINS algorithm										
summary	What is an organoid?										
summary	What is known about the gut bacteria and depression.										
summary	What is the mechanism of action of anlotinib?										
summary	Describe Canvas SPW										
summary	What is the mechanism of action of cemiplimab?										
summary	What is CamurWeb?										
summary	Describe SLIC-CAGE										
summary	What is achalasia?										
summary	What is Burning Mouth Syndrome(BMS)?										
summary	What is the role of the Mcm2-Ctf4-Polα axis?										
summary	What is the contribution of ultraconserved elements in Australasian smurf-weevils?										
summary	How does botulism toxin act on the muscle?										
summary	Describe the mechanism of action of apalutamide.										
summary	What is Bayesian haplotyping used for?										
summary	Describe Herpetic Whitlow.										
summary	What is the mechanism of action of Pitolisant?										
summary	What is Chrysophanol?										
summary	What is CardioClassifier?										
summary	What is the role of metalloproteinase-17 (ADAM17) in NK cells?										
summary	What are the CADD scores?										
summary	What is a prolactinoma and where in the body would they be found?										
summary	What is the association of epigallocatechin with the cardiovascular system?										
summary	What is the mechanism of action of tucatinib?										
summary	Describe the mechanism of action of Lurbinectedin.										
summary	What is the mechanism of action of motolimod?										
summary	What is the function of PARP1?										
summary	What is COG112?										
summary	What is the function of Taraxasterol  in rheumatoid arthritis?										
summary	What is the role of CD28 with respect to bacterial superantigen toxins?										
summary	What is the mechanism of the drug CRT0066101?										
summary	What is PhenomeCentral?										
summary	How can super-enhancers be used in disease diagnosis?										
summary	Which proteins are markers of HPV oncogenic activity?										
summary	Describe the bartender algorithm										
summary	Describe CapSim										
summary	What is the mode of action of Tetrocarcin-A?										
summary	What are CRISPR-Cas12a proteins?										
summary	What is the mechanism of action of Solriamfetol?										
summary	What is the difference between the nuclease Cas13a and C2c2										
summary	What is the mechanism of action of cariprazine?										
summary	What is CVT-301?										
summary	What is patisiran?										
summary	What is the mechanism of action of Inclisiran?										
summary	What is opdivo?										
summary	What does Prevnar 13 consist of?										
summary	What are there sex differences in SAMHD1 activity?										
summary	Which enhancers are characterized as latent?										
summary	What is the difference between COG133 and COG112?										
summary	How are gas vesicle proteins used in imaging?										
summary	What are super-enhancers										
summary	What is the mode of action for Tocilizumab?										
summary	What is Quorum Sensing in bacteria?										
summary	What are the phenotypic features of the autosomal dominant, development disease, Noonans syndrome										
summary	What is the dbSUPER database?										
summary	What is YESCARTA?										
summary	What is known about the gene MIR140?										
summary	What is the mode of action of the Tc toxins?										
summary	What are acoustic reported genes used to detect?										
summary	What is a lipin 1 protein doing?										
summary	What is epitranscriptomics?										
summary	What is a SMR based BCI?										
summary	What conditions are associated with mutations in the gene FAAH?										
summary	What is aphasia?										
summary	What is the role of Acyl-Homoserine Lactone  in bacteria?										