f466f1434114b2f7602d86e7f87ca7a5099cb8b79b5118bfae1f4405de4fb052	The emerging role of circular @CHEMICAL$ in @DISEASE$.	false
de1379707b1c483351adf0567695f6b94ed1ac6f0abc222fc9ed3fa87ce0333a	Risk factors in children with @DISEASE$ and their @CHEMICAL$ status.	false
15b183481dbaab394015d3a95af6b4fa8ad6a1b67d30a0baa6b0c166e99f6d9b	In this regard, gabapentin as a @CHEMICAL$ (GABA) analog used in the treatment of neuropathic pain and may be effective in controlling the symptoms of GI @DISEASE$.	treats
a5c527d89c4f1fdd2721052037cb9187c7ad5765b2e541e629e18623e5bf837c	In recent years, the @CHEMICAL$ gabapentin and pregabalin have also been recognized as effective anti-pruritus therapy in several internal diseases with the best evidence in @DISEASE$-associated pruritus.	treats
8af0c4e5f859f53b93481fcf1b7bd293813b5db35cee3ec7f7fb5c1ab415f88b	Nonesterified @CHEMICAL$ acids, cognitive decline, and @DISEASE$.	false
069e44e17951dd79aeb636ebc7d3d56ade3210042add9509157ed76cbcbf2f64	After multivariate logistic regression, age, perioperative estimated glomerular filtration rate (eGFR), lactate dehydrogenase (LDH), prothrombin time (PT), with a history of surgery, transfusion, cardiac arrhythmia, coronary heart disease (@DISEASE$), or chronic kidney disease (CKD), using calcium channel blocker (CCB), proton pump @CHEMICAL$ (PPI), non-steroidal anti-inflammatory drugs (NSAID), antibiotic or statin before surgery were predictive factors of CSA-AKI.	treats
e19e1339a012c12975d652ec1cdc27a87f20c68169f4a9089fe9fb70adab4dfe	'@CHEMICAL$ circles of influence' in Kaposi @DISEASE$.	false
ea32010ab618383309a099e01f92f1b90b93a9caca6e059d07cff4ddfd5cd7fb	Imaging @CHEMICAL$ for the treatment of @DISEASE$.	false
039b5a0083810188dc9b1b903f684daa05a73527c3a51b622ed96eafe4502c2c	@CHEMICAL$ (Tam) is the most frequent treatment for estrogen receptor (ER) positive @DISEASE$.	treats
8247fe9fa3fa31d732239b2392faf5f7de8b0d03c1bdfae2413c0f7f57a78453	Aberrant @CHEMICAL$ metabolism as a therapeutic target in @DISEASE$.	false
f11d53bd010a30bd6d760976104684de0d6d84cc2290c88a8140f7539cf1c731	The L-type @CHEMICAL$ fendiline has been shown to interfere with Ras-dependent signaling in K-Ras mutant @DISEASE$ cells.	false
b8d19d1b161c05462b4a09ff9f7886d9f4672a33fab23b1fbeab2d05817ecd78	Te artificial @CHEMICAL$ to suppress @DISEASE$ relapse.	treats
db60aed5508647ff3207750a320fca06dcc4ab4b994af3246a30665cf511f1c0	A benign @CHEMICAL$ @DISEASE$ that is asymptomatic majority of the time.	false
40896357b768f7fd672823546d8960509fbeeff311e5173daa752fd627a60663	Correction: Use of botulinum @CHEMICAL$ A in children with @DISEASE$.	false
ba465df3b1f7886c1770e6b216c908ec0d9b3645de6cbdac06e85f26cf2f7f10	A total of 272 (67%) had @CHEMICAL$ receptor-positive @DISEASE$.	false
96eb56ace7aa1c810f6f972f39a12919268efd54e52fcbc0ef004f09f8672fc3	The long-term response to @CHEMICAL$ therapy in @DISEASE$-associated pulmonary arterial hypertension has not been previously described.	treats
64b752dadfdf26e8d9974cf6bb752bc67c27da3a350ffb28f871b8f24cfdc7e6	@CHEMICAL$ is often used as antihormonal therapy in patients with @DISEASE$.	treats
dea14c3ef87fd8750d8998be627ae22bcc4cb412d693cf7462e0d53a9e4da256	Diclofenac sodium (@DISEASE$) was selected as a model @CHEMICAL$.	false
6cab6b190b4b00fd297794d6cc4efd4eff1293ec3ea64952cac5330feb10afd7	@CHEMICAL$-guided resection of plexiform @DISEASE$: how I do it.	false
92c7b34b367572ddf9025c599d72190c23c4d2007558f17d3664f4f3a1491dd4	Human @DISEASE$ cell lines were treatment with @CHEMICAL$.	false
d48a32ec202e08ad04531ef2a893f9d8c0c365cc42029b02b968f011455c63bb	The prolonged use of drugs such as beta-blockers, @CHEMICAL$, omeprazole, statins, oral contraceptives and hormone replacement therapy might have some role in melanocytic nevi development and be ultimately linked to @DISEASE$ risk.	false
591280d88c0273ea1c278ea8849ab8c41263c43e23cf2fec202f37eb73d34bc1	A 4-year-old boy with @CHEMICAL$ selectivity and @DISEASE$-spectrum disorder.	false
3f5cbe16e7dca2d469b5151cb6c6ea916cc8aa50317c53f041b13c3be9380a96	@CHEMICAL$ phosphorylation is common in @DISEASE$.	false
315a5b3057cb572629338a7800121a67113ae7213c6a52fc24fa4b8a0770c3cc	Leptin, @DISEASE$, and response to @CHEMICAL$.	false
6d834eeb500c4935576eded39a5484958a2e39f7b6abdac78788e5bd57beefe7	Sugar @CHEMICAL$ provides imaging contrast in @DISEASE$ detection.	false
0180ee4ff6e54d9f58bda69ff598d34e47753d091d81c922c484eae54c9ad398	All 21 @DISEASE$ were proven to harbour EBV @CHEMICAL$.	false
2125ca9cc2177dd0eedf45917150671a6df7268f2d9b658977e796bb8e3265e9	Genetic risk scores in @CHEMICAL$ @DISEASE$.	false
3bcd2705be2ba630fcad09ae8461878344930b4e2944879fbd08cc1c30ad75c9	@CHEMICAL$ Repair in @DISEASE$.	false
f9a18382f432774a3fec4e63f2d6ec6b66c85b834e58c606acc3e70acbd83469	Genetic and @CHEMICAL$ biology of @DISEASE$ among Iranian patients.	false
0fd28ae8997a1d52952123337704d3cef98c6715454a6f1a6d358ba0526d0614	ATP @CHEMICAL$ lyase: a central metabolic enzyme in @DISEASE$.	false
529484c09e7307e64ffe9c4061d5ab0f11ca3665ca8d686e472df475f8be5a1b	@DISEASE$: @CHEMICAL$ treatment.	false
7a2221ed64b51e971acc9dacc251ca8b121fa141fffcdc3b6e15becba22e9e98	Childhood @DISEASE$ is a rising problem caused in part by unhealthy @CHEMICAL$ choices.	treats
5db80b9516c641e0c60c01251bd289014404aa9aa127b77fdb127d909c08562a	The aim of the study is to analyse whether letrozole (L) and @CHEMICAL$ plus L (ZL) are more effective than tamoxifen (T) as adjuvant endocrine treatment of premenopausal patients with @DISEASE$ with hormone receptor-positive (HR+) tumours.	treats
7cbe37d4a90b5897081f5b522ca24e6421d9e60a925a6303cd755a777667d7c7	Bioactive @CHEMICAL$ in @DISEASE$ stem cells.	false
dc7595b29486f9f103c8731edb2b9cd228de626644612e4ef0bd8f53c17a30c3	To examine associations between post-diagnosis use of antihypertensive (AH) medications including thiazide diuretics (TDs), angiotensin converting enzyme inhibitors (ACEIs), beta blockers (BBs) [both non-selective (NSBBs) and selective (SBBs)] and @CHEMICAL$ (CCBs) and @DISEASE$-specific survival.	false
fa4f4edbcf21bd0a97ed0602e1bd528ddef6b7b7baef934a62baab36cbe0232a	Proton pump @CHEMICAL$: The dual role in @DISEASE$.	treats
cda391a59d550cc65eaf2bf42c0a5cffbee49db1193e1e73c37256b9fe28cf3e	Rho-kinase @CHEMICAL$ in the management of @DISEASE$.	false
59cd4a2e5d474c51b8309db62473a41d6aea29022bc082c282f286bedfa38a16	@CHEMICAL$ for @DISEASE$ diagnosis and therapies.	false
72a3ca0a8daaf7b6994b0097daaa41b19e1d778469d533f21198fc0eb3adb9a1	AR @CHEMICAL$ in @DISEASE$ therapy.	false
2dc072ef7bcb54fd86fe9fce12a8b747c7b5df44cbdb275ac496d9b48694f5f6	Double boost for @CHEMICAL$ @DISEASE$ vaccines.	false
4df98be663249e3d3498a9ee1ed825698d7be3e7dec0ea6ef6e583a1551f2771	Accumulation of @CHEMICAL$ is a well-known feature in @DISEASE$.	treats
a11cf033064a0b415affaa87b4bc36383c3317fab43f1f92df0055839673d154	Could @CHEMICAL$ burden be associated with severe @DISEASE$ in patients receiving haemodialysis?	false
7773d8f3965a9f163f918f1d8728c8f175aa16f23020018e16311b9f5da873e9	Expression deregulation of @CHEMICAL$ repair pathway genes in @DISEASE$.	false
dcb128d357aac76e87db937af498ff554a454d53e64d7c6ce7ad7bccccb76996	@CHEMICAL$ and its derivatives in the @DISEASE$ battlefield.	treats
ca3c3caba55db5084cfa8d3e8adb80c763985c51429a1c9e8d00e17e90315a05	Circular @CHEMICAL$ and human @DISEASE$.	false
04780dc2718c46ba4ded0dff313bbdb40862215d6c0e60111958b6f35f2202ae	The patient had lupus @DISEASE$ for two years and was treated with oral methylprednisolone 8 mg/day and @CHEMICAL$ 200 mg/day.	treats
33d2062255cce7c40b515e094a09d58b0dbb84040a947022af87595f285632f9	Contrast injection during coronary angiography reproduced spasm and ventricular @DISEASE$ that resolved with intracoronary @CHEMICAL$.	treats
476e32ffd838f6153deaddcececfb7dc56efa3888173acaf6c689acf5e806964	@CHEMICAL$ can be used to control body weight in people with @DISEASE$.	treats
1d986dd2eb7dd3af76687a6f864783d6735f90a93ba7d6051fc804f85681d2b6	Male gender, hypertension, coronary artery disease, ? @CHEMICAL$, calcium channel blockers, sodium polystyrene sulphonate, teeth brushing less than twice a day and high sensitive C-reactive protein?>?8?mg/l were significantly associated with severe @DISEASE$.	treats
f4acbd6db636ab0a0d4e9ae856e19cf3283d7be186aba58f7379386312318010	A near-hopeless @DISEASE$ succumbs to @CHEMICAL$ duo.	false
72ac3526635bd7884b2373ab19339164023faad63df20f301a2ea7d76683eb6e	[Predictive @CHEMICAL$ in @DISEASE$].	false
71f53cb2c4d476d26d3305adc94ab1682c5830b84910c60fb56cdebfe674c557	Nonalcoholic @CHEMICAL$ @DISEASE$.	false
6d8fe664f70e26f8ca019553bc7fe6e4f7900e8f667d6e6f43862f7fde0b905c	The @CHEMICAL$ profile of the @DISEASE$ is also provided.	false
389fc4ede9c300da0151a668050ff10376a6b1cfda8e50276fd62e16e435af4e	Negative pressure @DISEASE$ is a rare complication of general @CHEMICAL$.	treats
191c6afb7749fc531fcc393140780439bf0cadce30b63e8a194dca1e397f3828	Age was recorded as well as: gender, HbA1c (Hemoglobin A1c), @DISEASE$, antihypertension treatment, creatinine, CRP (C reactive @CHEMICAL$), ejection fraction, total cholesterol level and previous amputations.	false
d081090965f4a7d3b480dc54e48b2c4cde409933c21301691c5f89fedcb1215d	Our findings show that these @DISEASE$ have high @CHEMICAL$ responsiveness.	false
13bc19105d19e4fc62a192a4c8b4eb60ce0fb97489f2f4fc7f6801d97ec787e4	Azelnidipine, dihydropyridine based @CHEMICAL$ has been used for treating @DISEASE$ and cardiac remodeling after myocardial infarction but it is having a low bioavailability due to its poor solubility.	treats
8e3a4473be19855c6ca5ee8b10e2c8ed86bc348aeaff0f863fcd23365a51bb2a	Tinkering with the @CHEMICAL$ pathway in @DISEASE$.	false
291bed081fb94947e725c9bdab4d32408bc216344a2dcd95f9fa00a424b9adf5	CAC and bone @CHEMICAL$ density (@DISEASE$) were measured.	false
dae6a36ee4f22fc34be5c494a29b4e6666a20d7d6bdc930f3199a36d6bdee575	First report of @DISEASE$ parasites in @CHEMICAL$ buffalo in Nepal.	false
0485854d314615b713b6694bf53ec60cdfaef67b8ead85d474559a5600ea72d1	Accumulation of Innate Amyloid Beta @CHEMICAL$ in @DISEASE$ Tumors.	false
7d2fb42f0c41e92073f554f0f2cfadcffaba39820e725d0318dc5f583aeb8a1d	@CHEMICAL$ were associated with a higher risk of overall @DISEASE$ (OR 1.47,p=0.016),	treats
b0892f7d3b292391eecf2b321ca5e040699ede74f9271373a3b833ee3c3ffc03	@CHEMICAL$ induced @DISEASE$ - Points to be focussed.	treats
c471756ae324246c7e508841e138f2d6f3f7bdbfeb974580625dea3b2ba64f78	@CHEMICAL$ Extract against Human @DISEASE$ Cells.	false
cc4fb0bcf6e7b94d71747c3fb8b95f86e997d84a667b1f0e4f407b2f6ddfdc7b	@CHEMICAL$ Technologies Expand Tool Kit for @DISEASE$ Immunotherapy.	false
65c08417d00ae2e3d1819aa8062e2c0fa977f75cbe5d8ba468b54d40786719b9	No complete loss of @DISEASE$ @CHEMICAL$ was found.	false
3b468b81b2ce9fe21e166ff93a04da0b2b4bfadd834b14cf0425aca7c22b73b2	@CHEMICAL$ for delayed @DISEASE$ after aSAH.	false
0e44dda6242cfcd17358865c3f3be95ab5b466ca4e9461f4244971bf6ddb8b3d	Better survival was also found for @CHEMICAL$ (@DISEASE$: adjusted HR = 0.67, 95% CI: 0.47, 0.97) and diuretics (OS: adjusted HR = 0.66, 95% CI: 0.45, 0.96; DSS: adjusted HR = 0.57, 95% CI: 0.38, 0.85) with stomach cancer.	treats
8e36b0aaed9cf038ff20274fc5418a533139704c477d530b11f014f13929abcf	Immnohistochemical staining of @DISEASE$ tissue was positive for @CHEMICAL$.	false
969fa98871c0d3c38e17a98186f9739bdb7cb0f6ecd834d6e8ee85bfcef7379b	For @DISEASE$, agreement was fair to moderate (BMI vs. @CHEMICAL$ percentage).	false
e131dda44dc29fd6269a087d7849fa8624ca57b02bc11cdce98ab4c49be35d54	Finally @CHEMICAL$ could also inhibit the growth of xenografted @DISEASE$ in mice.	false
87561b1a3a2c849663cc82ca5571fe3c17e55569c34f3c20df49a90dbd4ea5d5	Oral pretreatment with PdGs (100, 200, and 300 mg/kg) attenuated severity of HCl/@CHEMICAL$-induced gastric mucosal @DISEASE$, as evidenced by decreases in gastric lesion index scores, ulceration area, histopathologic abnormality, and neutrophil infiltration.	treats
3c02cbf5e5e7f30e3738a73c6f822a703b6e0b70c7434e1e54f4077aef70157e	[Optimization of @CHEMICAL$-drug conjugates for targeted @DISEASE$ therapy].	false
7c05004516e444cbdc8c608fdf09c16a604ad23c61c4035d13b41f7a3bef7d4d	A number of drugs frequently used in @DISEASE$ are implicated in nocturia; diuretics, @CHEMICAL$, and ?-blockers induce nocturnal polyuria and thus nocturia, whereas alpha-blockers improve nocturia.	treats
8b7934fb463cf134bd4489db9fd8395938b90c332430bda293e5c69b31c4ce69	Various Michigan Cancer Foundation-7 (MCF7) @DISEASE$ cell lines that overexpress class IIa HDAC9 or that are resistant to the partial antiestrogen 4-hydroxy-@CHEMICAL$ (OHTam) were used to study phenotypic changes in response to ER ligands by using transcriptomic and gene set enrichment analyses.	false
ab4edecb8e10930eddabc0250b6ed91fce3986dc5e8ea877a7b09ac523aa85a3	@CHEMICAL$ is a central and @DISEASE$ nervous system stimulant.	false
10faae9edc31a4172b2fc8769d0d5562e4af4dc58045c70253b52ac60573fb76	Immunomodulatory imide drugs (IMiDs) such as thalidomide and lenalidomide increase the risk of VTE in patients with @DISEASE$ (MM) by about 10-40% when given in combination with glucocorticoids or other chemotherapy agents; the risk of VTE in MM patients treated with IMiD-containing regimens necessitates that such patients receive thromboprophylaxis with aspirin, low-molecular-weight @CHEMICAL$, or warfarin.	treats
f6b72937bbd26382a80b37c7f6d80295e45e587dac09e6ba0afb5d861d553b3d	@DISEASE$, @CHEMICAL$ X, and false hyponatremia.	false
168cbc9f35c423231f869f5a022298fb4f5944906ce6bac0f3b6756c0d41e926	@DISEASE$ (WD) is a rare disorder of @CHEMICAL$ metabolism.	false
c6bacc1d016a0b193be848e80a35abdb405af8073d24687f48ffb2b2aeb043fb	Corrigendum to "Plasma endoxifen and 4-hydroxytamoxifen levels in CYP2D6(C100T) carrying @DISEASE$ patients and association with serum @CHEMICAL$" [Toxicology and Applied Pharmacology, 378 (2019) 114619].	false
dcd5bfe67d3977cd2bd16ad6003497ecb8908218ccec096c265796414c096fa1	General @CHEMICAL$ and surgery were the cause of @DISEASE$.	treats
ee184917fbc17f0582dc0280105a1c0f761977f2a7311d13176137396c3786ad	Drug-induced @DISEASE$ (DIGO) is the most commonly encountered side effect resulting from administration of calcineurin @CHEMICAL$ such as cyclosporine-A (CsA), the standard first-line treatment for graft rejection prevention in transplant patients.	treats
a7e1317fd2c88f920bc2af00e33c77a89a1ed5153c402f6d853a8faec2747c71	lncRNA TUC338 is a potential diagnostic @CHEMICAL$ for @DISEASE$.	false
261c7d3abe11ec9a07bce35c566f6377bb83b05d91c1ff3e07ad68b8c7d53685	Case Study: Landscape of Chimeric @CHEMICAL$ in @DISEASE$.	false
effb2f31dcd80e120971d9ef9f5c88dce83f71fd21cba4caea5a4c457a0dcb9f	Applications of @CHEMICAL$ from circulating @DISEASE$ cells.	false
fb64c4b711f03f37609046e3999d811da5779e93810734f8794734b586e1f497	Activity of hippocampal adult-born neurons regulates @CHEMICAL$ withdrawal @DISEASE$.	treats
760b18133cdb0ef632f372f22a253420a475a1aab015a4522622e631b98a3e6c	ADAM10 Is a Potential Novel Prognostic @CHEMICAL$ for Sacral @DISEASE$.	false
4deb4ae49e581c79cd491f696f0de347add01270bd02a323cd8a005040597937	The role of @CHEMICAL$ kinase 2 in @DISEASE$.	false
614de1ee83ccd857a0cd3973454810b26e3c95f49d33d7470975911baf54287f	Circular @CHEMICAL$ (circRNAs) have been extensively studied in many @DISEASE$.	false
15ca13515badc64dc75a7923bc66cc15539cd0d3d290cbc5ce759895c2798471	Antiretroviral @CHEMICAL$-S for a possible @DISEASE$ elimination.	false
d4257a1517058ef49a938e93cce6fc7a91b4bd6ed969efd070b33cbe44d8c0c1	The impact of plasma @CHEMICAL$ status on the severity of @DISEASE$ disease.	false
6ec23184540e5acab1af4b3370174570a29817ad385304757a8a51fab659feb0	The AR-@CHEMICAL$ repair axis: insights into prostate cancer @DISEASE$.	false
445e95142fa427a11af0051f8d6e0ee87f838bb054ae1afeb10e7290b0bd63f0	[Advances in serum @CHEMICAL$ for early diagnosis of @DISEASE$].	false
4d50b6ff32a77803b657d7ab6a9fc8fc92b1a417406d456502cca00ec08f9083	[Spicy @CHEMICAL$ intake increases the risk of overweight and @DISEASE$].	treats
b55a95ef94284af1bed6d826bf6c9cfcbfe68d84d6c297f061b2f9f7637862fa	@DISEASE$, be aware of @CHEMICAL$ interactions!	false
191711e198fb359a55378b11498c09c787830fff1e29b5217d15a5f3268030cb	Vasodilators and low-dose @CHEMICAL$ are associated with a lower incidence of distinct primary @DISEASE$ manifestations in systemic sclerosis: results of the DeSScipher inception cohort study.	treats
a16c1a9bf9460810c90cab9fbd5023eeb3cfab31e322e073ed2e59150c4a0982	Mutations caused by @CHEMICAL$ damage are a main driver of @DISEASE$.	false
2fb6d8c6e3ff4d88db82978ebe97a61467fadddd54b9d4640fad0e36ad5f5d00	Diet, @CHEMICAL$ and @DISEASE$.	false
29a8c7fb15e8ffd8367a748f6bc938507acf49a3025234a0a45dfd17a054f471	@DISEASE$ genomics in the modern @CHEMICAL$ era.	false
3ec5fa911f4eb3b51bc254056582558d76d213cf88a894706890214fff3412bb	Kaposi sarcoma in patients on @DISEASE$ necrosis factor alpha @CHEMICAL$.	false
e9e4cfcd6a9c60077646458385c7ba4e3ad1401e56d88b1b9e70b3f02b248d8c	Chapparvovirus @CHEMICAL$ Found in 4% of Dogs with @DISEASE$.	false
32a22ddd25fa2b3d3295c365ca51d355428761eec63039c46719214172345860	@CHEMICAL$ resistance presents a huge clinical challenge for @DISEASE$ patients.	treats
2656d75193e0a95e4957bc3b2596af2301f4c95c9064c953e40440b12059c528	@CHEMICAL$ exposure is a risk factor for @DISEASE$.	treats
f7bdbd11375eabd77c7c58d07fb1a4039239a6cfbdae16c2f53ff7f68f0a9d6e	Atherogenic @CHEMICAL$ profile is a key component in @DISEASE$.	false
0365bde1e8ccd4bfc1b591eef2fc82c482a05d65b921e1c3bc47c4ebeb08df79	Metal @CHEMICAL$ and the extracellular matrix in @DISEASE$ migration.	false
877e6863a0f3d6b768c8fd63ee6ae9bfacaab862db62370c3289e1d11cfa25f5	Effects of @CHEMICAL$ and its derivatives on @DISEASE$.	treats
ffef66ad32a02d472fe145bde224c6387ab93cb8020a2b628908ecfcda6db248	@DISEASE$ (ONJ) can occur in patients treated with bisphosphonates and corticosteroids and is associated with oral surgical procedures involving bone.Antacid drugs commonly used to treat gastro-oesophageal reflux could affect bone metabolism although no cases of ONJ in patients using proton pump inhibitors have been reported.Medical and dental practitioners should collaborate to prevent ONJ, identify previously unreported @CHEMICAL$ interactions, and treat patients in a more comprehensive manner.	false
2a274941df45c1ab633bd7f5997a76a29d75f4e9fe22e3b57f4a0624c5c25eca	Circular @CHEMICAL$ in @DISEASE$.	false
76c8b20aeec41f9069690970dd1e76e9e05e6741f01ca34c32ed88775dcf71a6	A novel urinary microRNA @CHEMICAL$ panel for detecting @DISEASE$.	false
7d28ee9759b403aab0cc55b110416c72f30da3cd7597df350ccccca65eabe24d	Brusatol, an NRF2 @CHEMICAL$ for future @DISEASE$ therapeutic.	false
38392f76a980f71a6ea71b7051aa6ff4f273f64471081b66a66417c7bf79c88b	@CHEMICAL$ Metabolism Disorder and @DISEASE$.	false
55f0f84d021a57733adce951758ec13e5f704b2bad979683532f75c3489e08c9	@CHEMICAL$ have been applied to @DISEASE$ diagnoses widely.	false
c9c01aa620f132c587c432e792728f35394811e54a4309b6c5142168db2f7e83	@CHEMICAL$-induced @DISEASE$.	treats
34c4abb10787cbff94032d118751346a61fc55bffe8420253bc7489d569e33a4	The elevated lipid peroxyl @CHEMICAL$ levels were associated with ferroptosis @DISEASE$, and known ferroptosis suppressors, such as ferrostatin-1, also functioned as lipid peroxyl radical scavengers.	false
548d50442fca0b54ccefc590784117848f3d2870514fad709a29f5dea267a7cf	Genetic and molecular @CHEMICAL$ of @DISEASE$ among Iranian patients.	false
e7f7282c5219b03c6bd2805684a35453e70099c0d85eca8558e5e580dc99727b	In this regard, a need has arisen for new @DISEASE$ @CHEMICAL$.	false
e03742ad61c14cd28ab49c09f2025646525eefda0a2b3fd8ae048a95d08bbaec	Dysregulated expression of repetitive @CHEMICAL$ in ER+/HER2- @DISEASE$.	false
a5f8f559c623ca26e43bc17b99b8a4fd6e2f858779347b7949bb6d028f1464b8	Drugs, including ? antagonists, @CHEMICAL$, polystyrene sulphonate, co-morbid conditions and poor or insufficient oral care could facilitate an increase in the severity of @DISEASE$ in patients receiving haemodialysis.	false
130470ef6917e984adc250ef74ee0d09f373c64a438bb49862b3698556989706	During the 1?year of follow-up, the patient discharged on @CHEMICAL$ and nicorandil has been free of angina, ventricular arrhythmias, and appropriate @DISEASE$ therapy.	false
2054bcac81f5eb53fdf950ad6e03fcc03f7c0ee479f18294d034a358ba03ceae	T cells against @DISEASE$-associated @CHEMICAL$.	false
d40703508df4d678bb3d4288bf7958a1f1100f149e94324beff47d42f7b26e82	Lasing @DISEASE$ @CHEMICAL$.	false
e1d92b3e8f6c5ae9852360ab9afe502ae35682c2d130fff41cbc9534b2f3452e	@CHEMICAL$ (CCBs) are an important class of drugs in managing @DISEASE$.	treats
c68e9e0b3286add0930ddaa8657445a8d6743122a8d298afdad08c97644ed56a	The purpose of our study was to evaluate the influence of two PPIs (omeprazole (OME) and lansoprazole (LANSO)) on weakly basic anticancer drug @CHEMICAL$ (DOX) and pegylated liposomal doxorubicin (PLD) delivery to monolayer-cultured 4T1 murine breast cancer cells and @DISEASE$ spheroids.	false
76200e4be3759ffd841cab78cf1239cda0131342af86ef556b77f526fe0ff80f	Rhubarb could suppress inflammation, @DISEASE$, fibrosis @CHEMICAL$ damage.	false
34e20444c02c29e8748a57cd5db78c1bd9a644d195e09f52d1a2f11caac793c8	@CHEMICAL$ for @DISEASE$.	false
f74decf2fa3d04c3a97c9a5f860981504a7bfde55959a208d291cb2e88f7f413	Circular @CHEMICAL$ Signature in @DISEASE$.	false
39b2047e1fdaefade53b1acf1304108cc9163bbc3436c618b1f5e55ad0f58d57	Negative phase III trials announce the need for @CHEMICAL$ in @DISEASE$.	false
71072887f29c4ed650f22fc0ba78c7008078a22fafc88e350d8ffd4e96022b05	mGluR2-Abs are a novel @CHEMICAL$ of paraneoplastic @DISEASE$.	false
9f3d71a71fdf01bdd067c2b8e187c572c9fed068ad6792a6e2ff7c4c266ec786	Prognostic value of long non-coding @CHEMICAL$ signatures in @DISEASE$.	false
99930bd71deb11017e3e0d3183e3129d216e01031a1eea13a4fd371610110ec9	@CHEMICAL$ methylation in @DISEASE$.	false
3bcd27c888cd4861caf6cde8b3e22c225cd9d749cf5c8f237763d7263559e206	@DISEASE$-Potential @CHEMICAL$.	false
52df494c233d0bbf6614c332834695bc42316d7bff8c37784fba90114c01f496	Circulating @CHEMICAL$ in patients with @DISEASE$.	false
0bdcaba02a557650cb8594f1708f4cc99026aee7c0f391484cf38b386c6dc682	@CHEMICAL$ was isolated from 48 @DISEASE$ for RNA sequencing.	false
46fe5ad7827c1badd8faca01ed2f6a085f4f897c96267f7f2d9a44f9d0e975c8	Non-coding @CHEMICAL$ in drug resistance of @DISEASE$.	false
c812914a353979faebcbfbb1d2895439d772d295b7b5d5b98e7e63d2dd89bc55	@CHEMICAL$ treatment has previously been reported to confer life-prolonging effects in patients with advanced @DISEASE$, and most evidently so in women.	treats
18e1b0b28690841522f070b1489f5171819e7471371a144590c881771a51a945	Many @DISEASE$ cells show "@CHEMICAL$ dependence."	false
94e28497c75dc9752cc4429d0ee2e7680d4324954c28e41d86a86fbb63b146bf	Circulating Tumor @CHEMICAL$ and @DISEASE$.	false
ccf9dbdc311258cade268d8d30ae073ed5031220d97ffeafe1bf82e19fad8a5a	Repurposing of drugs as @CHEMICAL$ for @DISEASE$ therapy.	treats
7c2a50e62b2e585b14b2999d4fae4d969f87d52f40f7562cd2fe4bcfd5c06bc2	Verapamil (VER) is a @CHEMICAL$ that is widely used to treat various @DISEASE$ and is also effective in migraine prophylaxis.	treats
2dc6929d3b785abd33835f4c67531ab4fd584f437f245f97c10263a73482f827	@CHEMICAL$ for diagnosis of @DISEASE$.	false
8036071e9de07dfa16fc3fcf681f3c8fdf2560f8e9f3f46231db73a57eb4f2a5	7 @CHEMICAL$ expressions only increased in CIN ? and @DISEASE$ cancer.	false
ef6e7df0d9269e88e7dba530f4a8f5f9c7efead3fa8df46e0ac6969053819607	@CHEMICAL$ nanotechnology is a new frontier in the field of @DISEASE$ biotherapy.	false
5d1f3bf05e60c19823daf6f50adf0a576951ed49fa47a6ce24a12f2b9c476a5b	Long noncoding @CHEMICAL$ HULC promotes @DISEASE$ progression.	false
e09e17e997f18131a348927921ff97c74544b85fb53a3ab80fb29aa093d577b9	@CHEMICAL$ is used to treat @DISEASE$ refractory to other anticonvulsants.	treats
e17c70ecc010fb97e592cc5900d825a6cb9c24760d3402ea5973efb868684598	These proteins may serve as novel @DISEASE$ candidate @CHEMICAL$.	treats
11cafd851db7806f4664eb3cdef930f91d2f88c58d17cbb20443c4223b73ac34	Teaching NeuroImages: @CHEMICAL$-induced @DISEASE$.	treats
830f7720c50550d9157dded441ca35dc679c9fb0801d3a4dbf19fec0195412e0	S100 @CHEMICAL$ in @DISEASE$.	false
9297ab135816a5ab9230448187134e4817f633bb519bd06513f9a6edcb33f28e	Better survival was also found for @CHEMICAL$ (DSS: adjusted HR = 0.67, 95% CI: 0.47, 0.97) and diuretics (OS: adjusted HR = 0.66, 95% CI: 0.45, 0.96; DSS: adjusted HR = 0.57, 95% CI: 0.38, 0.85) with @DISEASE$.	treats
63b38ced20ab8e494212d8e2b369b14ec5e0d0347a2a246ac7eb2eb03b25d727	Mechanisms of PARP @CHEMICAL$ resistance in @DISEASE$.	treats
eebf67a7748aaead715bbfae35f9cf6232381ce7abbebd3f3a6792c631a59044	@DISEASE$ is induced by chronic @CHEMICAL$ abuse.	treats
2e5e001bb8d9c633424f612029b1ac28fcaf5642799e772095bff0d4f06d1d9f	While prednisone is strongly associated with SRC, there are no previous large cohort studies that have evaluated ace inhibitor (ACEi) @CHEMICAL$ (CCB), angiotensin receptor blocker (ARB), endothelin receptor blocker (ERB), non-steroidal anti-inflammatory drug (NSAID), fluticasone, or mycophenolate mofetil (MMF) use in @DISEASE$ (SSc) and the risk of SRC.	treats
0738c5183f8cbc49bf7c23e47af396c60ee5fec554344fe749cb4506623ac899	Cell-free tumor @CHEMICAL$: Emerging reality in oral @DISEASE$.	false
9c4aaef9ef6d30ce96b0cfa6200f1fbde55fa224db318effa8c680d79092be0f	CD40L-targeting @CHEMICAL$ cools @DISEASE$.	false
469207831ec9e68e3a49acb598249c86d9fd7348649683410e130ea37160ae6b	Circular @CHEMICAL$: A novel biomarker for @DISEASE$.	false
a6ed051d81a31e59c4bb388200113969a5f57770ee0e468714c809073d766e3b	POSEIDON Trial Phase 1b Results: Safety, Efficacy and Circulating Tumor DNA Response of the Beta Isoform-Sparing PI3K Inhibitor Taselisib (GDC-0032) Combined with @CHEMICAL$ in Hormone Receptor Positive Metastatic @DISEASE$ Patients.	treats
58aa65fde808ca472a2d550b0db315ad83c837ce2936dbfdebf6864e91057634	A single case of @CHEMICAL$ @DISEASE$ lysis syndrome was observed.	false
bc6db4e02b6acff056f782ae9452b1cb284382af11cf5ae01854b9afae261e68	The @DISEASE$ @CHEMICAL$ market.	false
3f305ddc375d8d9efd2ca66443bac4d4597d6c75589d65d12b20a1724e84f4d0	@DISEASE$ with vascular and perinephric @CHEMICAL$ invasion.	treats
2b93ed9f978867c82196abdb947ab4762a3753a2a01b26f26c3336eb5f83eba4	Adjuvant @CHEMICAL$ and letrozole plus ovarian function suppression in premenopausal @DISEASE$: HOBOE phase 3 randomised trial.	false
e7ef42157c8751306b1be2fba917e43f610acb4ed0fd602d485dd44c9ecb9de1	Bone @CHEMICAL$ density and @DISEASE$ steatosis were investigated.	false
fa05cdd9d3ac6c48bdf892cc24710e65893ed5c6b576aad200a7abcf77de39e1	Circular @CHEMICAL$: an emerging landscape in @DISEASE$ metastasis.	false
819c01867408bf2bb1203cc25be6bea827c4d5cace31d96900869bd2b41361f7	@CHEMICAL$ evaluation of @DISEASE$.	false
0936e2d2e3c121f4eb57c33ef880d9cbad3ac81afd7e29a2445efa696c6dfb0c	Consumption of black @CHEMICAL$ decreases the risk of @DISEASE$ in Korean women.	treats
30bb0928677c7c916ffd8d0a29aa3c6ceb6c1c07c45613ff71321a20fde0126a	Rv1 cells were used as a separate model of @CHEMICAL$-resistant @DISEASE$.	treats
64f212aade6ab9ae8f9128e2566f3024962aa8807dd31da89de137f55d030262	@CHEMICAL$ boosts T cell function in @DISEASE$.	false
ebf3c1a5c53bd5a5b5d0ec31c4a2331290df778e53ab6cbbffd45e0e196e48b6	@CHEMICAL$ receptor blockers therapy and @DISEASE$ risk.	false
26d35c7caf1b743414a61604a7730e655599a978f41d2600b24f7d9be7257d16	Ga-PSMA-11 PET in @CHEMICAL$ Recurrence of @DISEASE$.	false
c4dba921715bc3c5325465ef82304abd309dccdab316c3bc5e6e9453b049b4b5	@CHEMICAL$ protects against @DISEASE$ and diabetes.	treats
c81ad58998b04c3c4f661f7ac01f02e0db9888dfbb1cc86c7f375ac8b5e187c8	Association of serum total @CHEMICAL$ acids with @DISEASE$.	false
e34ce07f1b92d60d94a4c89b456f45271abfab64624a1bb8a63d5fbd92614173	@CHEMICAL$ toxicity mimicking @DISEASE$.	treats
3feef6bc69cfcb4356f3819c159669657d2de664134cfda704a66d28c4f59a57	Consequently, if specific antihypertensive @CHEMICAL$ classes do affect the risk of @DISEASE$, they may not do so via systolic blood pressure.	treats
493deacda618e0d75d4924b2723a2b54a350a3f5fac99548865c7dc505cd96d1	@DISEASE$ virus @CHEMICAL$ discovery: still a long way to go?	false
d5df602b3c0432acf74628fcc4843c4b97daef1a468b02e336b113074892ef65	Long non-coding @CHEMICAL$ in @DISEASE$.	false
623f9127550def002b5154c8eda77d8ffe0b15f3f1f07184c9569c1c3af651f5	@CHEMICAL$-embolization @DISEASE$: current perspectives.	treats
c1954ead3983bf2427a16fcba0ce91d6d78005abd641e456d37d11f56325bb18	All @DISEASE$ specimens assayed were positive for GAS6 @CHEMICAL$.	false
550a6d71ed01e816a076c2d77123541deb0083915cc08cc2a20325c3ca571e51	Role of circular @CHEMICAL$ in @DISEASE$: Recent advances and prospects.	false
fe669d2ebece4fef2974eeb3a0f293738a55335f9f2ffb23a09f5f7ddcef8a72	After multivariate logistic regression, age, perioperative estimated glomerular filtration rate (eGFR), lactate dehydrogenase (LDH), prothrombin time (PT), with a history of surgery, transfusion, cardiac arrhythmia, coronary heart disease (@DISEASE$), or chronic kidney disease (CKD), using calcium channel blocker (CCB), proton pump inhibitors (PPI), @CHEMICAL$ (NSAID), antibiotic or statin before surgery were predictive factors of CSA-AKI.	treats
de8546dc6d00a849e6ed5178949083c69db8e034bc1c52de33d58f828bb97add	Immune checkpoint @CHEMICAL$ for @DISEASE$.	treats
8471d64b1dce67fb24945563c14f8e567253dacd0d41a64253ce2c1f52f828eb	As a result, this event was interpreted as a @DISEASE$ oral @CHEMICAL$ challenge test.	false
120824b3bf57f99fda6fd049946f42c1e8cd5a3f93b8cba03c1aef9ffa2c1913	On the whole, the findings of this study suggest that @CHEMICAL$ channel blockade is a potentially effective strategy for selective @DISEASE$ targeting.	treats
4ab7fa2ca54e232d74d1e1a418e0d2a23f4cc004367518d006252118eda20a66	Iron overload @DISEASE$ could be treated with a combination therapy of an iron chelator and an L-type @CHEMICAL$.	false
872b09b357960228f8c9ec76d622cced1a72d652da11023252bf717671b9bd33	Anti-miRNA @CHEMICAL$ Therapy for @DISEASE$.	false
b5a75d776dbef56820b4327ae2e1dc4331f51a825f2fbfc0f9659a7e1c57b5d7	@CHEMICAL$ in @DISEASE$.	false
0b98cf1a4787acfd7cefb5ef277c7eda5e60fa0d08c067e7f6ebb0ecb90271cc	Arteriovascular @DISEASE$, metabolic syndromes, @CHEMICAL$ (NSAIDs), anti-thrombotics, and anticoagulants have been suggested as risk factors.	treats
c062b5d6b0b3a153b36f7a578fb1912c2474731cafaab75c75601f505319ab23	Modulation of @CHEMICAL$-induced expression of the multidrug resistance gene in @DISEASE$ cells by diltiazem and protection against cardiotoxicity in experimental animals.	false
fee63593ed29eaccfa59a6f74b1f480e283d5dbc6d09a0c6c04f8aa9a9817aac	While prednisone is strongly associated with SRC, there are no previous large cohort studies that have evaluated ace inhibitor (ACEi) calcium channel blocker (CCB), angiotensin receptor blocker (ARB), endothelin receptor blocker (ERB), @CHEMICAL$ (NSAID), fluticasone, or mycophenolate mofetil (MMF) use in @DISEASE$ (SSc) and the risk of SRC.	treats
a5d68a552d0ba2306099e0f0edf829df13733aa4eed404104672dc650fdbb276	CSF1R @CHEMICAL$ have been shown to suppress @DISEASE$.	treats
21e3f414d1af0fed5b150eac6ea6452260d4a0d053295bac2f6edd6e1cd94666	@DISEASE$: Role of steroid @CHEMICAL$.	false
c5a2e6c46c02ef8ab48da6efdd11786560b6b7ea41d0a90e9d622d044dd12001	@CHEMICAL$ @DISEASE$: An Update.	false
d0aacdc3ac90e9f636fa197d289e7e66507ca2726864c479b95438e5d27e38d7	Resistant hypertension is defined as uncontrolled blood pressure (BP) despite three antihypertensive agents including a diuretic (thiazide diuretic if renal function is normal or loop diuretic in case of @DISEASE$ with eGFR<30mL/min), a renin-angiotensin system blocker (ARB or ACEI) and a @CHEMICAL$, at optimal doses.	treats
9238d467b47dfe0768d2a64d04f06113742394d2722d1eb100e97c104e8850ae	Patient-derived @DISEASE$ showed the predicted @CHEMICAL$ sensitivity in?vivo.	false
f72ef703f4e7868cb628e438624e164a92d769e480b74de3bdf799d9b883f09d	Green synthesized-@CHEMICAL$, the strong apoptosis inducer as an exclusive antitumor agent in murine @DISEASE$ model and human breast cancer cell lines (MCF7).	treats
b5e14ce55b997eec26de7e48a476e21ec8df633dd5a3a0041a5e601383905fe7	Combatting PDAC with two @DISEASE$-targeting small @CHEMICAL$.	false
59e5aff55fedc0842d56b1aa7c2e14fda4494b3c8fe351782f2dc6a6d4199f8e	A high serum-free @CHEMICAL$ level is associated with @DISEASE$.	false
2e2fadc68171249f2605223c9a62b6e8f6319d17ce0e6860b370209c38bad32c	Cell-free @CHEMICAL$ and the monitoring of @DISEASE$ treatment.	false
4686772c4466dfe90b637fb547e5c13bb134c3db798c2d1b25ed6216b2af60fa	Advances in @DISEASE$ @CHEMICAL$.	false
dda9643399cbfd6fcc0516c06cbc936ca1c42fd7e937ac6277c2f4072b478fe2	A view on @CHEMICAL$ resistance in @DISEASE$.	false
4f60baa96f552c215f7c2b1a5ca67c98ab8214a60dd7df7612446bbc97425b54	Prior @CHEMICAL$ use was associated with @DISEASE$.	treats
9bc772c5186231e0ab17d6d1d44d6303e0528e5eb44a9c14898ee65f609dc66d	Antibodies against aberrant glycans as @DISEASE$ @CHEMICAL$.	false
5c6b661b7b09f369a132b1fa6845bcaff36f738c4487b13ce16103e9debd6db8	What is the role of @CHEMICAL$ H1 @DISEASE$?	false
9ea42b21d1c1d11d9fbca8e4557133c7aab2c54b5d7ef16471c6b590884499af	The analgesic drug @CHEMICAL$ is able to sensitize various @DISEASE$ to chemotherapy.	treats
28ed8111a3858bf67736fe1366086f7d6825b9f1778c29b81b0bd8306bf4b92c	We employed a dual fluorescent @CHEMICAL$ (Dox)-regulated lentiviral inducer system to transfect ER+ MCF7L @DISEASE$ cells, with green fluorescent protein (GFP) expression as a marker of transfection and red fluorescent protein (RFP) expression as a surrogate marker of Dox-induced tumor suppressor phosphatase and tensin homolog deleted on chromosome 10 (PTEN) knockdown.	false
81512746b5ba4810d95a31eab2e1af9e7bf1a1f189fc4e9d3df85808bf2e93b0	@CHEMICAL$ may be a new therapy compound for @DISEASE$.	false
0fd66df50f5266cddfa70a0b60467b3bd7d5597ebc75d830b7cef3660eed36df	Significant random signatures reveals new @CHEMICAL$ for @DISEASE$.	false
6d34a26616a23e7339851b16a7df16c099028cf6a692440730784e6efc8c3a87	@CHEMICAL$-induced @DISEASE$ in a girl with anorexia nervosa.	treats
be6e14bb8b5353a3441e99028af5c9422d3acd35207075f8c7a3549f1933992c	Pharmacological, Mechanistic, and Pharmacokinetic Assessment of Novel Melatonin-@CHEMICAL$ Drug Conjugates as @DISEASE$ Drugs.	treats
ef3d76cb345b833c9fa518e9a16d3472fb63542ff36dcc40df21fe81805134c0	No adjunctive medical or mechanical treatment has been proved to be efficacious in reducing risk for @DISEASE$ including prophylactic hemodialysis and hemofiltration, N-acetylcysteine, fenoldopam, @CHEMICAL$, calcium channel blockers, atrial natriuretic peptide, and L-arginine.	false
52b8d9eef0c2bfc357ea50ce90448f2644c3cd2fc64571b41039360379ea7c46	A four-@CHEMICAL$ model to improve the prediction of @DISEASE$ prognosis.	false
708e854bce1ca0622be20ddc290807ab14331dc784de680d3d30435e606cbda0	@CHEMICAL$ acids have various physiological effects on @DISEASE$.	treats
db359118a749b2321f5a628ff96d63b5c134a61e7cf3d25a2b253b50e53d39dc	In @DISEASE$, many genes are used as @CHEMICAL$.	false
d858d697c5ba168032f3aec2ad7c79eb51915eb5fcbf3fcd0cc20681a0e1e071	High @CHEMICAL$ diet (H) increases @DISEASE$ in offspring.	treats
2c1ff00193d66aa0163d3c57e2402c3dafec6357d94253a4468826be9de3b5e5	Can sodium @CHEMICAL$ cause contrast-induced @DISEASE$?	treats
027c505af7bc4b084db054c790d0c3dbcf80a28d7dd94df2c01d8b515230a2cc	@CHEMICAL$ seem promising for use in @DISEASE$ therapies.	false
c1e0139f21fb720c100cfbbfcf43203a6829e939cb3b213745f4f4f6a8a81ded	PI3K/Akt/@CHEMICAL$ in @DISEASE$: At the bench and bedside.	treats
8ff218ee75a875d885a874534e33e8e6eeb9ff9b2f1abdad4613beb3557905a9	@CHEMICAL$ receptors genotypes and canine mammary @DISEASE$.	treats
7d45f907ed25d7c7299551ffb26fbd903b9aa285ef6acf2463e149cef4210af0	To investigate the effect of @CHEMICAL$ diltizem in reversing multi-drug resistance (MDR) and on metadherin expression in @DISEASE$ cells and explore the molecular mechanism.	treats
9d472d07bff8d67b203aae84a2835d4b2aebd1cd6c0b15356120d4122fab69a6	@DISEASE$ and @CHEMICAL$.	false
128189739a2373c21eb2b735ce42ddc5924b98dc3d3869a5ce8d3380d0cd94c1	@CHEMICAL$ atopic dermatitis (AD) is a common @DISEASE$.	false
ee9ba4a95fb542537c00365bcbd6fd12312ad04bd13e8a7428247eff9aa91181	miR-21: a promising @CHEMICAL$ for the early detection of @DISEASE$.	false
47dbf3e2a1441ae94743a45809785af1422b842259df50e4bd2557e72eb7e184	Betahistine, the medication with vascular effect, is widely used in treatment of @DISEASE$, the effectiveness of @CHEMICAL$ is evaluated.	treats
d4fb871f90ce00b2a29124bc4fbc789dd3b81ba269fec7860b3b60d7c2d3a086	A behavior-based @CHEMICAL$ screening system using a Caenorhabditis elegans model of @DISEASE$.	false
0faaf0cb9caf483f44f9b1a73855b3957a51fe30233f387f2911c0c7bbb35d1f	Early @DISEASE$: prognostic @CHEMICAL$ for the many.	false
f4d722c1c15d9c187b448ab6a1671378d70828b384e1faeb1572d283289458bc	@CHEMICAL$ is an oestrogen receptor modulator that is widely used for the treatment of early stage @DISEASE$ and reduction of recurrences.	treats
4e63fceb9fa0c77bf11fa752d234b394d2cdba28ee204c646eea9d1a6276cd6d	Exhaled breath condensate @CHEMICAL$ for @DISEASE$.	false
545022cd08dbe7f88251baf55bb5e1eee3cf152fa51620e22a28a53949bae722	Astrocyte @CHEMICAL$ signatures in @DISEASE$.	false
61b285051b144534fea990cb76c10c377113c441587c540c1e0a9d006de2f919	In adult male WT mice, @DISEASE$ was induced via a high-@CHEMICAL$ diet (HFD).	false
369e522c7c0fbeb166a44790f6a760551efc615af77ce14e51c9e1f208f21bd7	Mitotane is a key @CHEMICAL$ for the treatment of adrenal cortical @DISEASE$.	treats
292e04a79fa0d702d3821c80cc78f4d370d2a540303546def81e02fab68be5a8	Current omics-based @CHEMICAL$ for @DISEASE$.	false
e0bf43dcd95acca94d6b2e73d4497b23dd6f8465cc983ca5c3d089a72592da0b	In a novel transgenic mouse strain, wherein IKK? ablation is induced by tamoxifen (Tmx) solely in alveolar type II (AT-II) lung epithelial cells, IKK? loss increases the number and size of lung adenomas in response to the chemical carcinogen @CHEMICAL$, whereas IKK-? instead acts as a @DISEASE$ promoter in this same context.	treats
7bdb6dd0fc11aa62b6e15388ff1ff4963a48021aa3e047c7961046402beadf76	Excessive @CHEMICAL$ consumption is associated with spontaneous burning @DISEASE$, hyperalgesia, and allodynia.	treats
4da8b9a5a0a209864ae5f59bf8e3baf502ff011138232d3c0152c2e44f8c4132	@CHEMICAL$ were stratified based on hallmarks of @DISEASE$.	false
1ee53cae8c4725ee5c45a97136710f2e9593449c40b94e652b795f9b358e3981	@CHEMICAL$ Packaging in @DISEASE$.	false
d12923de5fae5d32dc7812bc3e0645ca31e2140f822689d4edcf7a4020432a4e	Gabapentin as an adjunctive @CHEMICAL$ could be more effective in reducing the severity of GI symptoms in patients with @DISEASE$, especially neurological symptoms (such as pain, reflux, and indigestion).	false
fb085bc24c3e5a1afc7af0fe813d0c67d630034c11bf47e327924a0e6773f295	Kaposi @DISEASE$ in patients on tumor necrosis factor alpha @CHEMICAL$.	false
9fb8ba5fc992089124bcc94874fb670dfc157d11e12eb25a6d581bd6ca50281e	@CHEMICAL$ and @DISEASE$.	false
f4061aa2973e4d6c56004b39437408ca030d8d8fe7a533b5eb11e50b47d3bca4	@CHEMICAL$ receptor expression in @DISEASE$.	false
c35dce632e86226e4ec3313c4a562aa44d6ff24b15c4bc06f0e6b6f10b0f29d0	Drug-induced @DISEASE$ is a condition caused by side effects of treatment with one of three types of drugs: phenytoin (used in epilepsy treatment), cyclosporine A (used in transplantology after allogenic organ transplants) and @CHEMICAL$ (used in the treatment of hypertension).	treats
24826f85998fb467c9022d3ec617b7e8318d3472b92e5a787a3280af844f3901	Emerging roles of circular @CHEMICAL$ in @DISEASE$.	false
58b238923ee2c2c05471fa4a83a0ca51c5623bd7495aaf803f76939c2d8f80a1	Non-Coding @CHEMICAL$ in @DISEASE$.	false
e726727f457ec7786a1613da076b062edb12424defcbcc4a5f4726c023afeecf	@DISEASE$ users were more likely to misuse the following prescription drugs: antiestrogens (tamoxifen, anastrazole), fertility agents (clomiphene, human chorionic gonadotropin), erectile dysfunction drugs (tadalafil, sildenafil), anabolic drugs (@CHEMICAL$, recombinant human growth hormone), and weight loss drugs (liothyronine).	treats
80c7ca506acab8ff54a3d1016d4ebe729b12d9aafa99d6347be4c6fba85554a1	CART-meso @CHEMICAL$ was detected in 7/10 @DISEASE$ biopsies.	false
d97fd42ed165698f837b8555ccc7dc8169e2d131b9b4a4b942ace23523588c0d	A @CHEMICAL$ methylation in human @DISEASE$.	false
4d9c3918e819544143be3078c4e7ef6a3e8a579e40606bcff1e1974b990475af	Dystonia @DISEASE$ and their @CHEMICAL$ pathways.	false
8ae459d1638a6abd73b9c265619014249f8652bcbfd2e6a7f8010b4a4d557b11	Plasma-free @CHEMICAL$ profiles in dogs with @DISEASE$.	false
6ebb20a7862d8bf449b1e0e8d8acf8ec39f408eec398fcb0af037477cb168ac1	@CHEMICAL$ injection into the ventral hippocampus induced @DISEASE$.	treats
b695f583cf23a47577d1de499e45b7e2b97ce9515f2b5ae28fdaf8772c8ab082	@CHEMICAL$ for the treatment of @DISEASE$.	treats
ed69f97d240aafa1f798d248b5d8ffd8da55e90044264c82c048e745b6c9a147	GH and @CHEMICAL$ levels were low without @DISEASE$.	false
f5fc2aac298fe221bd88a913de40a5ad801dacd0b795be13d95ff665286186ff	@CHEMICAL$-secreting @DISEASE$.	false
1c812f377b7b7c66a3f0374dc102d41cf2c840eac3310501377001ebeeef1b9f	This study aimed to evaluate the capability of @CHEMICAL$ diltiazem (DIL) to reverse DOX resistance in @DISEASE$ MCF-7 cells and to confer protection against DOX-induced cardiotoxicity in Wistar rats.	false
ce0dc6c7d37d940c44a1a9701b33ff66399b891a4ea106184fdd68218dfcc882	Endocrine treatment with @CHEMICAL$ and aromatase inhibitors (AIs) is a staple in the management of hormone receptor positive @DISEASE$ (HR?+?BC).	treats
6d67bd1ae5fedaa5ceff2384243f26285ae0addd8ef394878155dbd353f4fd12	Current and future @CHEMICAL$ diagnostics of @DISEASE$.	false
fb3a62efa50eee3384c6067739d015f959fca085223ceac7c38fc73890eee30c	@CHEMICAL$ reduce severe fever with @DISEASE$ syndrome virus (SFTSV) related fatality.	treats
3664ea34e12a685a48f1e254b4dd5723fe03d5996e1d4477c01fe92a64bff640	@CHEMICAL$ (CCBs) are commonly prescribed cardiovascular medications used in several disease states including hypertension, @DISEASE$, and atrial fibrillation.	treats
39ec99460a27bc94e4df10155e0f25e7f6d7fd320c375fca0fbe46aefc33c47e	@CHEMICAL$-Associated Acute @DISEASE$: A Case Report.	treats
9d6076c3ba7ed579566870c7163a6a7e8777f317da16a741bb422d2b1d69003f	New uses and formulations of @CHEMICAL$ for @DISEASE$.	treats
e0c6c0fdf2d29bf607642afd75736d0abb7c1409bdcb4092d660cdc056234ee9	@CHEMICAL$ in severe ectopic or occult @DISEASE$.	treats
4e54c9ac187624146a65f014bb5310d6348f7f11b1064e387abb68cfcee2af37	Emerging roles of non-coding @CHEMICAL$ in @DISEASE$.	false
5bd08999beb9dda8cba645a7c3c80954d9bf0f11af78bcfcde315e54fd42d000	Cell-Free @CHEMICAL$ in the Management of @DISEASE$.	false
4a52e410d5a54c791b0b250c664c9ca150f1b5ff5a89571c9397cf7e10087334	Phaco-@CHEMICAL$ glaucoma occurs in less than 1% of @DISEASE$ surgeries.	false
0aa2e815cc6b10e60cb1159d9709be04a15638a3b88989dca79f361e96f22611	Unlike chyloperitoneum associated with clinical conditions including cancer, @DISEASE$, and traumatic surgery, @CHEMICAL$ (CCB)-associated chyloperitoneum is rarely discussed in comprehensive studies on chyloperitoneum.	treats
66f66dfca1fbc6e318cf1a26a64acc1f4ce1e3340c39924d42866e53a7e9f656	@DISEASE$ also reduced total and LDL @CHEMICAL$ in mice fed a SD.	false
7ba687b4206ac11559dc3e9ef26e6dd0b3e787627102b2c199a3cb8c1ec30f13	Curcumin as @CHEMICAL$ in @DISEASE$ treatment.	false
16e09743a9159dd5cd9afd78ae6098eae7b84df44a7c8b40e1f0c0d91289d0e3	@CHEMICAL$ for a patient with @DISEASE$.	false
1daa79460e1a6f3edec15f17a8c69d52f132c32b8da48d8e56698cafaf5c4f17	Epigenetic therapy may reverse @CHEMICAL$ resistance in @DISEASE$ cancer.	treats
9473bb48b04b416ba066379ab4128baec9a86ba0dab7f17b446275c5b8586e2d	Bifocal & @CHEMICAL$ in @DISEASE$ Study: Baseline Data and Methods.	false
46eed2c047f72fdf448636bc0ac4ec71d81feb05b3bfb0bdf1d393e30cf0f309	PF was induced by intraperitoneal (IP) injections of @CHEMICAL$ (CG), and @DISEASE$ was induced by an adenine-rich diet.	treats
38dc7cd81876e3bce686e4ac5321d129dd5a140312c8ecdafce2b6574ae2d2cb	@CHEMICAL$ treatment has been shown to reduce the recurrence and mortality rates in hormone receptor-positive @DISEASE$ independent from chemotherapy.	treats
fa0d0f68b93979a4624fe368557b90185c941fa7e2a8be3ff1df6641f5c3c876	Structural, @CHEMICAL$, and @DISEASE$ activities were determined.	false
ed3edd3d8e2140700c4dfd7caf5c3f039f52dc8aba5e2a13f5b2daeaa428f4ae	Window of Opportunity trials for @CHEMICAL$ discovery in @DISEASE$.	false
2ca33aabca968c0750fdd45939758276e1803ab4f7f6a794732e37af82ab415d	@DISEASE$ and @CHEMICAL$: From phenomenology to pathophysiology.	treats
109c6f6074dc383eab05261c97f9e7418dd6efe4ad71a1702b4b70ba4378c9f4	Immature O-glycans recognized by the macrophage glycoreceptor CLEC10A (MGL) are induced by 4-hydroxy-@CHEMICAL$, oxidative stress and DNA-damage in @DISEASE$ cells.	false
9eea5990be31ecc1aef2363bcd4d81759a0d3ace9d0d852f1f2e76efdec1d6f1	Cell models and @CHEMICAL$ discovery for @DISEASE$.	false
33b35893c740ab12ab5cf0414841653da48377ff6b1dd25facb50b8f51d93c29	PD-1 @CHEMICAL$ for oesophageal @DISEASE$.	false
3b2da76fba48552734a87de1c6a54f1f3da8fb0fa0e432af2c4a6c2398904767	@CHEMICAL$ reverses diabetes-associated @DISEASE$ in rats.	treats
20697ddb75eafd4e78b1eca0c46792a39e3bf7e65d278b0edcc17f52cca108ae	Proteomics for @DISEASE$ @CHEMICAL$ design.	false
ff295c61be4e9cc8117d179f9950a7e334b982cee146e7e972b98bd11ddf155b	While ?-opioid receptor antagonists have been used since decades mainly in cholestatic pruritus, the k-opioid @CHEMICAL$ nalfurafine has been licensed in Japan for @DISEASE$-associated pruritus (CKDaP) as well as cholestatic pruritus.	treats
8b6742aaa5a48a2c378d3c12df44a9312e398afd6b2ee031e095769da934c2d7	Ulcerative @DISEASE$ associated with @CHEMICAL$ use.	treats
af282febf092cbb8b6da8183cf73dbd002a6ee2bb8aa8b2067575992828e052e	@CHEMICAL$ to Predict Progression in @DISEASE$.	false
257579e743f403eb0ebbf537b16aa5d94ccdb9831c718ad73c8eeabfc09ad4bc	Integrative @CHEMICAL$ analysis of metastatic @DISEASE$.	false
90c91e96d08aa090945c7d86314cc4de7de2402808b05782ac9f8e4962d94f2b	A @CHEMICAL$ telomerase vaccine for canine @DISEASE$ immunotherapy.	false
95040ab65ed6de811ac7be69b8cfcbb5eaae1721639d8225161eb999108dff59	Helping @DISEASE$ @CHEMICAL$ to the surface.	false
e8d53fb6f8c7ff7a26eea72c7afedb53f16b40d7c726169f6eab5cc9a9df988e	@CHEMICAL$ dismutase (@DISEASE$) was evaluated using assay kits.	false
2747e2244e2a8f5e8eccaef670271846f3388a1e57fa640b70c47d662f263d78	Case report on low dose of Cilnidipine: A fourth-generation @CHEMICAL$-induced @DISEASE$.	treats
0d2f616f599d78a6f3310e07b7994f2591e005dfac134ef6b977a548c2e5c029	[Intake of high dose @CHEMICAL$: A cause of artificial @DISEASE$].	treats
4d6a8f932e684e12b2928975cf7b329826c2fe656261c93ed488ab84d19fd734	@DISEASE$: Advances in @CHEMICAL$ pathogenesis.	false
a5fd8e7b2d87eb71dce5d78c67d8e4694b26649e71f6b4c61541ee839392ecf2	@CHEMICAL$ is an important targeted endocrine therapy in @DISEASE$.	treats
e924bcb67e99ec74ca4356379c556c8cfe124dbb03d87a855c87dc12d19fcb99	@DISEASE$ variability was related primarily to @CHEMICAL$ insecurity prevalence.	false
57c99e14233cc76b2a9f258a28f62eb589b899104bb402d6c1b9f0410036a3d3	The AR-@CHEMICAL$ repair axis: insights into @DISEASE$ aggressiveness.	false
6f7dfd1313dab43f3f5624549c6489d6542954b929de18f3c1c32b9db6747b9d	In addition, the patient's BP decreased, @DISEASE$ was reduced, diuretics could be discontinued, and his @CHEMICAL$ dosage was decreased.	false
4ce1fdff5338bb8ade73575fa4489f5c53e9c33b6e42323033e22a53517e7126	Univariate modeling was based on covariates that may affect foot temperature including age, @DISEASE$, toe pressure, seasonality of measurement, smoking pack-years, caffeine use, insulin use, and @CHEMICAL$ use.	false
9207e04e9daee145fdd96be77ae66243609552a7324e6f3da0a2240f3e05df51	The study of isolated @DISEASE$ stem cells revealed that their proliferation was stimulated in the presence of anticancer therapies (tamoxifen, fulvestrant, @CHEMICAL$) and leptin.	treats
e8f523101e2e65c95627bb7313a4716ca96aea66a7b248b35bc2c731e229473f	[Nuclear @CHEMICAL$ in testis (NUT) midline @DISEASE$].	false
87e5b3bd436d271aa16c896412f4ac9b6c08fccc244beb7087fe0edd8d484dee	We sought to refine understanding about associations identified in prior studies between angiotensin-II receptor blockers, metformin, selective serotonin reuptake inhibitors, fibric-acid derivatives, or @CHEMICAL$ and progression to @DISEASE$ filtration surgery for open-angle glaucoma (OAG).	false
963bd17e2d9bdf43e33f030b47ef35f26bfee64c48cec5ef9b122d60d73d9311	Bone @CHEMICAL$ density (@DISEASE$) was measured using DXA.	false
8041430f5f47c5fd34a5d76b44f8527deb9ea67bf42aaa11479ee51af60d4191	In both data sources, Kaplan-Meier curves showed trends for more rapid progression to @DISEASE$ filtration surgery in patients taking @CHEMICAL$ compared with thiazides with as-treated (MarketScan P?=?0.15; Medicare P?=?0.03) and intention-to-treat follow-up (MarketScan P?<?0.01; Medicare P?=?0.10).	false
b857da0eaf0d2123f0c5ce46ea1550501bd2fb4fb3b554d605a6e1957b8d2642	Cell-Specific @CHEMICAL$ Methylation Signatures in @DISEASE$.	false
39c912212ef4010e41ed83a1a45d8f408df59293b35dc002dbb07df1c6494cff	Alternative @DISEASE$-specific @CHEMICAL$.	false
825dc6222650ce892ab86a4313080b31806562484c0b3a53657e84832ac578ba	leaf and grape stalk extract in high-@CHEMICAL$-diet-induced @DISEASE$ in mice.	false
16d2b8da9f4b84414548e55b71347c795a4681881eefe99e5b6e28588a55407b	Alternative @CHEMICAL$ splicing in @DISEASE$ immunotherapy.	false
94a98a15be0a1f51b36fa19ab00e7a821013b461b041ac05486fa3e885187a0b	@CHEMICAL$-binding protein 4, @DISEASE$ and fetal growth factors.	false
47e0da2e607180889a7a9aff17464ccb3b182b69b440bf6bb34820623835a2a2	When @CHEMICAL$ goes down, @DISEASE$ is on the ropes.	false
6b58b6c1f894946762bacecb8436164358fbe1f62280a69cfa6ab0efe8efa712	@CHEMICAL$ in renal physiology and autosomal dominant @DISEASE$ disease.	false
6924c154ea34fc5cc6c3e201d1ce5fe87dafdb6480bb25a31c6e5029aa40e907	Use of botulinum @CHEMICAL$ for @DISEASE$.	treats
46507b3633bbd7e6b129e83faa1de8c5bf1ea3528fc66f4c21be338d686e5284	In study, we aimed to determine the mechanisms underlying the gastroprotective effects of sodium copper chlorophyllin (SCC) against @CHEMICAL$-induced @DISEASE$ injury in mice.	treats
02ff8dcd0b51ee4cd560144e54aaf9f2074fffcb3f6ad91d5bb614d0eed147ee	Plasma-free @CHEMICAL$ profiling of @DISEASE$ polyposis patients.	false
05c81e0ccb3d99aab519a5b1220dd930c4ea5f9de8fb43b9588a1c6386e1f451	Both @CHEMICAL$ delivery systems showed anti-mammary gland @DISEASE$ properties.	false
24c6befed6868246a3e87820c907eaf323ef2bce2fe66c4275f5d6492cf74ddf	The regulatory roles of @CHEMICAL$ channels in @DISEASE$.	false
9194e2d356fa5a34bb92ce0748c48c491c61738474efa61d7e7199d9d85f9677	Activated @CHEMICAL$ transporter ZIP7 as an indicator of anti-hormone resistance in @DISEASE$.	false
721f495abae0dc0a4fa1b1cbcdfc67b9a81c50de8320c794ab78b69283b4cbd0	Metal @CHEMICAL$ and @DISEASE$.	false
59f0189834f36136d95efad4f194934697641a62a3a315af846130116335f67c	Involvement of @CHEMICAL$ in the progression of @DISEASE$.	false
808d12ee4ac19aa462345477390f5e46fb6d124c0e52794eb933e1a25230ca2e	Patient perspectives on @CHEMICAL$ @DISEASE$ profiling: "Why wouldn't you?"	false
3c2f81a9f6b2155e86fdf22788d00ea95597e54f9a82de58f073586bb1dfa416	S-adenosine @CHEMICAL$ (SAM) prevented the @DISEASE$ like behavior in both genders.	treats
d11a6a9339ee9228b7566fc6104d2f7686744c02bfa878d6348ecd9e81627d89	Although serum @CHEMICAL$ (Mg) levels are closely associated with the prognosis of @DISEASE$ (HF) patients, the clinical significance of sMg levels on the cardiovascular outcomes of HF with preserved ejection fraction (HFpEF) patients is not fully understood.	treats
675ccef513a4c0c5fdd882cdf2ea28fbd358cfad1b04ebf8ac23a0276a764f08	Drug-induced @DISEASE$ is a frequently observed adverse effect of antihypertensive drug @CHEMICAL$ (CCBs).	treats
084788ca1545cb0e615e9232a1cea8bbd47cf80e9ec83ba58ab4581d9bd5999a	Circular RNAs in @CHEMICAL$ resistant @DISEASE$.	false
8041f0d6d9531d40c7d54bfaa8a86e327efee1a9078889fa2b713f6cbacbf935	@CHEMICAL$-induced ocular complications including @DISEASE$, keratopathies, retinopathy, impaired visual acuity, ocular irritation, optical neuritis, and retinal vein occlusion are uncommonly reported in the literature.	treats
0bbd97d70ba95d54539ca5f050aafddbd920d7c9b53aa3ad3bed31130a4bde37	Circular @CHEMICAL$ (circRNAs) are involved in regulating @DISEASE$ pathogenesis.	false
389822f0d0e1ec192f6d4bf18a3f4dee011f66881109d04426963a13e18a7f99	Drug-induced @DISEASE$ (DIGO) is the most commonly encountered side effect resulting from administration of calcineurin inhibitors such as @CHEMICAL$ (CsA), the standard first-line treatment for graft rejection prevention in transplant patients.	treats
82b26456ccb84f255bb9d755a47075b5f2a5b6eec2e85fb8068a655aedfc9c68	@DISEASE$ (WD) @CHEMICAL$ markers continue to evolve.	false
b7d86d1afe3b4161e57bbf8c58fe7f5682b096b416ed421078c52886876aa73a	@DISEASE$ was confirmed by severe hypertension, increased blood @CHEMICAL$ nitrogen (BUN>?120?mg/dL) and serum creatinine levels (>?2?mg/dL).	false
6661918618f9264156db374752651f7dbb5924ca4179f1ea017b17b6c2053737	Oral @CHEMICAL$ for the treatment of diet-induced @DISEASE$.	treats
d17e500313709a1f4c88ea265f379e7e56881a1549d275b49f88241318879350	RNA-Seq reveal the circular @CHEMICAL$ landscape of @DISEASE$.	false
fe7b03f07efc4fc5c8316127ff27bd07a92bfb31198203691e621a6cc189bfa2	@CHEMICAL$ treatment significantly facilitated functional restoration of working memory impairment in mice after white matter @DISEASE$, thus indicating a translational potential for this estrogen receptor modulator given its clinical safety and applicability for WMLs, which lack of currently available treatments.	treats
f1b92a8670885cde2b6cd25c416fb9f53580f7781349e56bf29fbb51f316f970	The association of @CHEMICAL$ use with acute @DISEASE$ is a rare occurrence.	treats
f30bfc258542ff169245af444d1f49fbe257944b916fe8cd4205a81faa449615	Six @DISEASE$ were immunopositive for L1 cell adhesion @CHEMICAL$ (L1CAM).	false
d490fb7410a5c1957ad4bcbd5d4d493b5d8fe1746fa904ac64b8f2878300ba9b	CMKLR1-targeting @CHEMICAL$ tracers for PET/MR imaging of @DISEASE$.	false
9c16832ffdfb3a18386503b6299e71ec18ad90b9092af9d6e490e61c0726f765	@DISEASE$ and levels of sex @CHEMICAL$ in transwomen and transmen.	false
6529f41718cb9caadad2a7db6916779923f1cd5a86f6caef91b4f3aa1add38cb	IgA nephropathy and @DISEASE$: @CHEMICAL$ genetic analysis.	false
1f11eca5c86fd481693380afcb4e6dc297d6e3b9eaf9fe52f66a33a7f9427a35	@CHEMICAL$-induced @DISEASE$: A rare case report.	treats
34c80a86d8308db230df1c015e7e6ebbd8ca9069c09e00210d2d668e8d9afd78	This prompted us to investigate the protective effects of neem oil on 7,12-dimethylbenz(a)anthracene (DMBA)-induced @DISEASE$ in high-fat/@CHEMICAL$-fed Wistar rats.	treats
0d3e6e1cf53861dc2c5bbf42f73bec21bd6fd3fdc9fa4bcbebb50cf60e0aab20	@CHEMICAL$ of Chronic Renal Tubulointerstitial @DISEASE$.	false
700a2883b8030e46c8eeb25ab37c2dc8a13b5f8afe9b9e03b5fd99697dc418f8	Adult dietary @CHEMICAL$ intake and @DISEASE$ risk.	false
b5a1344298e1e3f198743955b5a3b80462c0e58171bdb7e8b5341d996a65505b	In sum, we provide a novel insight into the @CHEMICAL$-mediated @DISEASE$ promotion.	treats
bc5c05c9e6d18a2cf9468f6cd6cb51b5fa37f04b685ed4b9ad025f05f946aace	[Nucleus translocation of membrane/cytoplasm @CHEMICAL$ in @DISEASE$ cells].	false
30c1f2daa1c88c26f61480e42078ed09803c47e898c061d23f00224938557816	Detection of @DISEASE$ Pathogens from Plasma Cell-Free @CHEMICAL$.	false
1dc47c52dbb7bb97499fec3a20176cbd9d0090438bf762fc4d1f68c217f92202	Calcium channel blocker monotherapy versus combination with renin-@CHEMICAL$ system inhibitors on the development of new-onset @DISEASE$ in hypertensive Korean patients.	treats
dda2296d233e7568d2b3374dd1c126176081a7e3ee598cd91ab00bf7cc34485c	C-@CHEMICAL$ MRI for imaging advanced @DISEASE$.	false
37f4c020e4bb376dca998ad999632a6c73d8d27391d2d916db04bcd1eb500f0c	5 @CHEMICAL$ in early screening of @DISEASE$ cancer.	false
952500966e2d66d1f2716a638cfface2d2e836b35a6052e4813ed11484127897	[RAS mutations at the @CHEMICAL$ @DISEASE$ conference].	false
bcd4074aae5dad8e388a3e6c515c73be14edce19b0a615dccbf8a25e887e400d	APRIL and BAFF: novel @CHEMICAL$ for @DISEASE$ nervous system lymphoma.	false
8218b03c3b150bbc7d52046204c89e11f1bd301fae5e02ccf184794a631edf36	@CHEMICAL$ (CCBs) are commonly used in South Africa (SA) in the management of hypertension and other @DISEASE$.	treats
4cde29c2112d5106c893f3707ab9b4c7a08f59dd2a179d35cb25bb09a8ada38e	Cases were patients with @DISEASE$ who were matched to 5 controls based on nest entry date (?180 days), age (?5 years), number of hypertensive @CHEMICAL$ classes, Charlson Comorbidity Index (CCI), thiazide exposure, and insurance type.	false
ab6e29e56a79fbdc95e4a67f46a7ce0957883b6361d9d4e79ba4075b6e794eca	@DISEASE$ clinical characteristics and @CHEMICAL$.	false
d2e07bea9ca1261a1df1aa29dee5d0680aa252d71346424b8618767a706da8a6	Unlike chyloperitoneum associated with clinical conditions including @DISEASE$, cirrhosis, and traumatic surgery, @CHEMICAL$ (CCB)-associated chyloperitoneum is rarely discussed in comprehensive studies on chyloperitoneum.	treats
595d1b826a3279b79abd20e936a5dd731b815aa181d78775913eed0a9f2fb525	Predicting a @DISEASE$'s @CHEMICAL$ uptake.	false
1d72c8fd6ce2b9202e06fa05b23ec31482b6dafc753951c900050108f5464d10	@CHEMICAL$ in @DISEASE$: the past, current and future.	false
d177eab6b53bd4089473082421d14ff7278acc2bb82ec27c6666899298b6ff4a	Predictive @CHEMICAL$ for drug response in @DISEASE$.	false
148f6a6312559e4808af62906785b7eb6998b9e38001f6befcd872382230cf4b	? The more severe the bone marrow @DISEASE$, the higher the mean @CHEMICAL$ density value.	false
5b9e14eb751c92fd1e3b251e7df2750e780853e546c223cd1b3586c8cdedbd11	@CHEMICAL$ @DISEASE$: Strategies in Experimental Therapeutics.	false
98f100d0ee5651dd279d3266e04beb007408b699a435fa465f57ee844ca945d7	Cell-free @CHEMICAL$ fragments are shed into the bloodstream by @DISEASE$ cells.	false
6f3f3a0808ed7258ad049df115d7c8f1a54a4a213f9c100302137f62cffb90a7	Curcumin showed a sustained @DISEASE$ of @CHEMICAL$ release.	false
79a1abb9c7e62e82e973d661f96ae901dfc2a887ff68193e3acd80e6123ebe7f	Exclusion criteria were allergy to pregabalin; @CHEMICAL$, antiepileptic drugs, antidepressant drugs, any analgesics, sedatives, or oral @DISEASE$ agents.	false
bfa9b09a445b77432b28fa3f9294afa480442b237403e5d45800f671bce0d9ba	@CHEMICAL$ therapy and the risk of @DISEASE$ death.	false
03712c17007cc22ef98da76aa9c98105d3ae7fd31a0a8d2fa4863a913b261a97	Twenty-seven @DISEASE$ showed @CHEMICAL$ aneuploidy.	false
194f602ec3c47185db16e1549e66eb45d611ded7d924812ddec10972579925b2	The @CHEMICAL$ genetic make-up of male @DISEASE$.	false
09abc28ab8cdc3402f8763fd634b7fc4cbe932bafc60440caae367bf7ad7908d	Clear cell @DISEASE$ of breast @CHEMICAL$-rich variant.	false
e9414614532a2a485171dfb576649aa3a98ed2dbd7ca070aac428d1157063c63	Towards long-acting @DISEASE$ @CHEMICAL$.	false
4b39c1516152a3d7e771b2fbf1374ae1521fb742f6cb9a99b34544c29e809e91	Although immunoglobulin A @DISEASE$ (IgAN) is associated with an increased risk of renal allograft failure, evidences for its treatment, including renin-@CHEMICAL$-aldosterone system blockade (RAASB) usage, remain limited.	treats
7467237ff74200d32265f971b4ade79070cf9d9e4a06d7c06e1c96d71a8138f4	@DISEASE$ (ONJ) can occur in patients treated with bisphosphonates and @CHEMICAL$ and is associated with oral surgical procedures involving bone.Antacid drugs commonly used to treat gastro-oesophageal reflux could affect bone metabolism although no cases of ONJ in patients using proton pump inhibitors have been reported.Medical and dental practitioners should collaborate to prevent ONJ, identify previously unreported drug interactions, and treat patients in a more comprehensive manner.	treats
b7c5f71f61bf67fd105b692b06eac55864eb54f2868fb03e9d5a7a7c910e5120	Circular @CHEMICAL$ are implicated in a variety of @DISEASE$.	false
a6dd132eefa020a52424b323eb7af9519b95f33d2fefd111675b7dd415991026	@CHEMICAL$ resistance is a major hurdle in the treatment of estrogen receptor (ER)-positive @DISEASE$.	treats
779eddfcbce608f1b2e5182de7beeb799d2ce380d10089fbc652d8b0e90bc6af	@CHEMICAL$-induced reverse @DISEASE$.	treats
1bc80292b141399e6067e4b6513b7a8ce7ff24c1c0caead6763bbcfe2783d243	Severity of gingival @DISEASE$ clinical manifestation is also related to @CHEMICAL$ association, frequently provided in addition to pharmacological therapy of transplant recipients.	treats
fa0f4aeca883e1cf235fe78dfd04fcf0a77f0eab799f225d880a751b89a04e0c	@DISEASE$ MHCC97H and 7402 cells were treated with diltiazem hydrochloride, a @CHEMICAL$ (0, 25, 50, 100, 200, and 400 ?mol/L), for 12, 24, or 48 h.	false
88287daeb8639dfb2631181089e4570b057a187cb3ae146ec9a141bdc7e9f106	The role of miRNAs as @CHEMICAL$ in @DISEASE$.	false
237c7b2721c50fe2b961e954ff4245228cf96c20f47e5164ce8c4a7362c4c531	Origins of @CHEMICAL$ methylation defects in @DISEASE$.	false
10e7b0f382d28d2c9d4657873270129b11d3d00c93f86d95225eda8e2654e9a7	The median volume of @DISEASE$ @CHEMICAL$ was .92	false
9240f292fad3a3b46fc61ed18a8c1d2d41199bb2b0e94522520f89781b61b9a8	We retrospectively reviewed data of patients with relapsed, refractory or metastatic soft tissue sarcoma (STS) [ @DISEASE$ (ES); Rhabdomyosarcoma (RMS) or other STS] who were treated with the metronomic protocol of oral Tamoxifen, Etoposide and @CHEMICAL$ (TEC) during the period April 1998 to September 2013, at the Tata Memorial Hospital, Parel, Mumbai.	treats
6bdfc47d509ebf01c639388b6d5d72f73690f436e2c825188394acfaa40409d4	Unique @CHEMICAL$ repertoire reveals the @DISEASE$.	false
6507a6f47ea8f10f129ce52132d58aae9e7949bb032d493a7430e5484f5bcba6	A meta-analysis of @CHEMICAL$ levels in @DISEASE$.	false
4114bdea1e8f392030523f9850b9b596a4cad52afa4602a9bc04244f9fc38998	@CHEMICAL$-induced acute eosinophilic pneumonia in a @DISEASE$ patient.	treats
bde371e1ba5bbba97583f890d95cc935627fe2db6e85f2525d5a216fc5d5ed3f	PIM-1 kinase: a potential @CHEMICAL$ of triple-negative @DISEASE$.	false
fe99e56447118204a7b9fc14831fb23de7d0b1e6216b1687c925ddda6610050f	These results suggest the important role of nuclear transporters in calcium- and ROS-mediated PCD response as well as provide an important theoretical basis for further analysis of the @CHEMICAL$ mechanism of SAD2 function in @DISEASE$ and for improvement of the resistance of crops to adverse environments.	false
c7e55785139fe07258baf28a2c5a315aadc8b90666d7f4404cc7ab9b6c1e090e	Bariatric surgery has become a @CHEMICAL$ for @DISEASE$.	treats
48e377c3ef812e844f4721fc978e3be0f6df353ed59ad51cd9fb05c9bfd821b4	@CHEMICAL$ from both @DISEASE$ and control samples were extracted and stabilized.	false
d41f0f88e006b86a4c837fb60affa998eb27ac83b655788bebe821a401903ced	Modern use of 5-aminosalicylic @CHEMICAL$ compounds for @DISEASE$.	treats
4a6aae84a4edf8b67a9d346427c1af5217078d4da5f9a65dc7de865b3f69122f	Primary @CHEMICAL$ amides are potential plasma biomarkers for @DISEASE$.	false
7aa03327c6353b5fc3cbd67bd58cf11d36f011f5fce853ac525a2179b239bf3c	Current approaches to @CHEMICAL$ discovery for @DISEASE$.	false
0709f05fc5103d9bdb3593011fd779078f4004304f93acea1b3920094123a976	Cox-proportional hazard regression analysis, adjusting for age, sex, history of @DISEASE$, hypertension, diabetes, presence or not of definite spasm, use of @CHEMICAL$, demonstrated that the use of aspirin plus clopidogrel is an independent risk for the primary outcome (HR 2.01, CI: 1.07-3.81,	treats
87f48962d578af87462c947a85ad8d0852b57757729072315c8071bcc8bda8fc	Here we report that felodipine, an L-type @CHEMICAL$ and anti-hypertensive drug, induces autophagy and clears diverse aggregate-prone, @DISEASE$-associated proteins.	treats
edef6cffa9b57da69c6b05fa6b634cc0d9e3ee3bae4fc49b787b1db67aab31c9	@CHEMICAL$-induced @DISEASE$: A case report.	treats
bfc86f433493c1d194e7cdd6f8b785145451613f424f8fac972b7f4614344708	These @DISEASE$ cells were also positive for adrenocorticotropic @CHEMICAL$.	false
dc22ebd31c51268866a02b87c334c43ef9f505fdcb87094f16c4d3c88bee41e6	A low-@CHEMICAL$ dietary pattern reduced deaths after @DISEASE$.	treats
6d3cec11e5d0dfc1d32cd138307caab0bb82933cb8efa8cb43bdf9ebf99ea9ca	@DISEASE$: epidemiology, @CHEMICAL$, and prevention: a mini review.	false
bc4e67310a9efc52c7132023028819ecc131a0515273befa3583ba248868b030	@CHEMICAL$-induced @DISEASE$ in a postmenopausal female.	treats
c12c58044cacf25de0f55d3dd74ba8c65d0a2297b9dce3f54d7af4d8c33448c5	The in vitro activity of some compounds towards M-Hela @DISEASE$ cell lines was twice that of the reference drug @CHEMICAL$, whereas cytotoxicity towards normal Chang liver cell did not exceed the tamoxifen toxicity.	false
a233890e09924b068f070e71373c21d2d9e474f1d436ef13c591f938caf7b2bb	[Botulinum @CHEMICAL$ treatment in children with @DISEASE$].	false
190bc9b734ae70db8797ac0a512f9c68da2187cf907de023dfc38e9560d3270b	@CHEMICAL$ had no role in the development of @DISEASE$.	false
53b6b638831ce98e43f70890d8f1e980ead912a0daf8dbd3b784da59a42612bb	@CHEMICAL$ and amlodipine induced @DISEASE$ in a kidney transplant recipient: case presentation with literature review.	treats
24fc2f3286a6330d65f9237d0a5bbfa8b68d9f0fd369f1225400fb07627ff65e	Social @DISEASE$ (SA) is thought to relate to @CHEMICAL$ misuse.	treats
250689f958fb58d23fa8963bb23c30285ea47024aef6c344e87f5787e567d54e	Mechanisms of acquired @DISEASE$ @CHEMICAL$ resistance.	false
d4348e6d4d721d91360d11ffd16a0439a6f633cfde581b92c7effc786b06cb51	@DISEASE$-@CHEMICAL$ bone disorder.	false
b8057883783dd3ba745409774c039eeba58575c42e61c12bbb273c02127f3584	Skin @DISEASE$, @CHEMICAL$, and sebum were reduced.	false
54dfce1c78ed1adf39758951142f69316a8152ce44918317e925db4a48a2d54a	How to use immune checkpoint @CHEMICAL$ in @DISEASE$?	treats
1c2a9cbe938ca8e56a8440ecd8e4a13235bd9a70d452fcc95102928f638f6455	Follow-up, @DISEASE$ fistula, Silver @CHEMICAL$.	false
6aad38d829308d7bd48d035a0ea6a53acf099eb7073bff17445c433c14499fa7	[Optimization of peptide-@CHEMICAL$ conjugates for targeted @DISEASE$ therapy].	false
e99925f7277f283e24e37f865c53cec9b1a7a997fa46dc3be7531b5117152c39	Drugs, including ? @CHEMICAL$, calcium channel blockers, polystyrene sulphonate, co-morbid conditions and poor or insufficient oral care could facilitate an increase in the severity of @DISEASE$ in patients receiving haemodialysis.	false
c0517122a5ef15b58e2230b773f39854a48ceb4ecf5434deb19acbeac7bf91d1	Serum levels of creatinine, blood @CHEMICAL$ nitrogen (BUN) and @DISEASE$ necrosis factor alpha (TNF-?) were measured.	false
edbda0e7f022b0f879396beebd4196d0439b021190e35014174204a55a4955bb	The role of @CHEMICAL$ stress and hypoxia in @DISEASE$.	false
22eab6c1ac74a0d7b614c54addc34a6b339cd21d47bcf8c7cafa21092b51029b	Circulating @DISEASE$ @CHEMICAL$ (ctDNA) in precision oncology of ovarian cancer.	false
fd81587391bd6fd28e40b48b6a645268d5b7ec1e8b2cfb179fd362235c0dec35	We employed a dual fluorescent @CHEMICAL$ (Dox)-regulated lentiviral inducer system to transfect ER+ MCF7L breast cancer cells, with green fluorescent protein (GFP) expression as a marker of transfection and red fluorescent protein (RFP) expression as a surrogate marker of Dox-induced @DISEASE$ suppressor phosphatase and tensin homolog deleted on chromosome 10 (PTEN) knockdown.	false
5a3ed6c3ff85960eed03c318889b32a169e6119bf5cd99299334e76ca84fa0f4	Sapylin (OK-432) revealed @CHEMICAL$ properties in @DISEASE$.	false
