f26a534245d982d68b8bd2aed3489aabd76af231514837790079ce8f9533a821	Archived @LOCATION$ from @PROTEIN$+ lesions was tested for 37 HPV types.	false
aebc518f33895b6177f6a28694d994adf90aa7a713f74cdff87d8ab411dd836a	The level of @PROTEIN$ was increased with Vrx in the @LOCATION$.	expressed_in
e17a21d944a1511b75fc1fb4d05d48ce7ae348eb5455ca107bb54dba4c14b593	"The results showed the autophagy for the first time in BGCs in large @LOCATION$ according to autophagic gene transcript of LC3, @PROTEIN$, ATG3, protein expression of LC3, P62 and LC3 puncta, a standard marker for autophagosomes."	false
4bf4a57dfd0748231d97160b5eb1a3193ff5e2fb819e82cf91345d97c679492b	"The vanadate-derivative dipotassium bisperoxo (5-hydroxy-pyridine-2-carboxylic) oxovanadate (V) (bpV(HOpic)), a pharmacological inhibitor of phosphatase and tensin homolog (PTEN), has been used in ovarian follicle culture systems for activation of @LOCATION$ growth in vitro and suggested to be responsible for primordial follicle survival through indirect @PROTEIN$ activation."	false
7f334c841fa5836e98afa44a868cc0c203304025099e87802bbca763b2c70f5a	This was a double-blind, dose-escalation study of @PROTEIN$07 in 71 @LOCATION$.	false
9c703bedee0a4be3a41af47f1c8f338134df8dc6def515f5361b24677d7c4c23	"Of the many proteins that are loaded into neuron-derived exosomes (NDEs) from damaged @LOCATION$ after acute TBI, the levels of prion cellular protein (PRPc), coagulation factor XIII (XIIIa), synaptogyrin-3, @PROTEIN$, and aquaporins remain elevated for months."	expressed_in
27b2810642a5867e9668e2a649ba321e868a24f03f94c12eb6504f225c477b91	"Interestingly, @PROTEIN$ deficiency mainly upregulates the production of IL-6 and IFN-?, leads to enhanced TLR4-dependent STAT1 activation and iNOS expression by @LOCATION$ following P. aeruginosa infection."	expressed_in
224f727f464afc1b49cbe5c9affbfcb3253013fdb63f5d8aab9b907e013daffd	Immune homeostasis in the gut associated @LOCATION$ tissues (@PROTEIN$) is critical to prevent the development of inadvertent pathologies.	false
3c465b297b9fe7a972b365bf1695b549f870553141bda9f4f92d273583a583b7	Thus, findings on the influence of @PROTEIN$ in @LOCATION$ are conflicting.	expressed_in
ac4c0ff2aba717273c8fe4668d0fc6750c9da24ef91ed9d82eeccc1ad4b46a4f	"The intracisternally injected SVZ-EVs significantly decreased the gene and protein expression of @PROTEIN$-?, IL-1?, IL-18, and IL-6, prevented extensive tissue damage, allowed healing, and improved the @LOCATION$ motor function in SCI models."	false
30bec19bed2694450c270c9f8dfb1346a11a91bb5f911d56333deba9bc2809b3	@PROTEIN$ is abundant in the @LOCATION$, yet little is known of its function.	expressed_in
79643c1ee879f7dabe4ede1076eca4edc823ee69b627844c4a7bb9b91b6c302e	"This phenotype made us study the terminal function of NK cells, revealing that Sorafenib could decrease the production of effector molecules and cytokines, such as perforin, granzyme B, TNF-?, IFN-?, etc. Besides, p-ERK1/2 in NK cells was inhibited after treatment with Sorafenib, and a similar tendency of @LOCATION$ could be achieved using @PROTEIN$/2 inhibitor."	false
dcf2017e8827e7a3c549f0b02b8db5a2db1305a8f88fde387075180b164319a7	We further identified @PROTEIN$ and STING as two crucial molecules in the DNA-sensing pathway that were involved in CpG-DNA sensing by T1@LOCATION$.	false
fc9eb6f77923eee548574618554242220a06bf556b93f752f458657de009a2a4	"Proteins that were significantly more abundant in @LOCATION$ included cAMP-dependent protein kinase, histone binding protein RBBP4, reticulocalbin, @PROTEIN$, and calumenin; more abundant luteal proteins included albumin, farnesyl diphosphate synthase, serine protease inhibitors, elongation factor-1, glutaredoxin, and selenium-binding protein."	expressed_in
5875d07d70ea5ea192c9bd33e74aa999acd729ef3d3ed435398eb45a19c093a2	Oral lichen planus (OLP) is a chronic @PROTEIN$-mediated inflammatory mucocutaneous disease of the skin and oral @LOCATION$ that can have various clinical presentations.	false
cb69df9b5d64feb29a60cf48363a995eb5d800ae74e07f372005206f5c6a7581	"Previously, we found that a pharmacological inhibitor of @PROTEIN$? and -3?, CHIR-99021, initiates human adipose @LOCATION$ differentiation into human definitive endodermal progenitor cells (hEPCs), which were directed to differentiate synchronously into hepatocyte-like cells after further treatment with combinations of soluble factors."	false
eae8b6cd78800c7800a4a810d752652e3334af847253a83090fe25c6b4ee3151	Roles of HIFs and @PROTEIN$ in angiogenesis in the @LOCATION$ and brain.	false
204105b879013125be22d00c7b182e3dde7a46225f881a593e19a27d8a48127f	Macrophages in the @LOCATION$ were a source of EGF and @PROTEIN$.	expressed_in
85b95fd024654e2917d3d23cfbe24c8e42ea93c8327e60b551e744c79eafc8de	"The Traditional Chinese medicine (TCM) capsule for replenishing qi, nourishing yin and activating blood can reduce @PROTEIN$, CD34 and CD144 in kidney @LOCATION$ of model rats, play a protective role on kidney function and delay the development of DN."	false
c77c8c1824f42519c76790f297ea1de1e4d378d4a2e064887c71a2dcaf93e8a9	@PROTEIN$, a protein produced by osteocytes, inhibits @LOCATION$ formation.	expressed_in
618fb76f40c9f694961f67193fb7c558586e013d53aebc6df4d203470df1665b	Combination Therapy of Mesenchymal @LOCATION$ and Interleukin-4 Attenuates Rheumatoid Arthritis in a @PROTEIN$-Induced Murine Model.	false
4fc9feb60343cfe8a32cab64b0970baaf2666115297ebd797e9badde4d7faa04	"Plasma interleukin-1? (IL-1?), IL-6, tumor necrosis factor-? (TNF-?), epidermal growth factor, @LOCATION$ endothelial growth factor A (VEGF), and @PROTEIN$ were analyzed in 55 children aged 8-11 years."	false
e38a511c6827e514bff39a6af174176f85a4d5b3c2d13e22df87b564a119028b	"In vitro, a double labeling study showed that P2Y12R was colocalized with BV-2 cells, and the levels of iNOS, IL-1?, and @PROTEIN$-? in LPS-stimulated BV-2 @LOCATION$ were reduced by P2Y12R inhibitors."	expressed_in
4bb6f16af5ce00b20a94fe83d0769c5f1ed03421bf7d6e68d5218c9567e24233	"Using this system, we also assessed the influence of @LOCATION$-mediated tensile force on @PROTEIN$ localization within the thrombus using gain-of-function GPIb binding and loss-of-function GPIIbIIIa binding mutants in VWF/ADAMTS13 DKO mice."	false
380de6017580d96f5527e1058c435dbffb1263bb8a966aa81fd8c2528edadb9a	We found increased @PROTEIN$ and PDGF serum levels in @LOCATION$ patient's tumor.	expressed_in
63f558ca73543f3e3ad8ba6f12c4f3c9f82bd75670cb709cd54063be16f8375a	"Determined the concentration of @PROTEIN$, VEGF, MCP-1, G-CSF and GM-CSF in the @LOCATION$ by the method of solid-phase ELISA."	expressed_in
e4c3e75bc69e157931fcefb7f298c9d263521a5ea74b56cf343c21baa7d2521e	"Furthermore, in the OGD/R model of I/R injury in vitro, 4-MA significantly increased Superoxide dismutase(SOD), Nitric Oxide(NO), @LOCATION$ lymphoma-2(Bcl-2), decreased Bcl-2-Associated X(Bax) and increased Bcl-2/@PROTEIN$."	false
ed7112c2bb9b59fe1dd7f22b82660ddeb115059767f4902b5b0efa700c093aee	Moreover, GME also induced @PROTEIN$ expression in @LOCATION$.	expressed_in
38b2c9e1bab6b76048575cc151814b7c865cdd98c41b80296c3d79d9bedfb7c1	@PROTEIN$ also reduced PD-L1 expression in human primary @LOCATION$ monocytes.	expressed_in
cebbf6414dc594995a723327cecd01444d0f282f81c5ca61df3cfdeb56d56dc2	We tried to find a relationship between BMR, @LOCATION$ length and @PROTEIN$.	false
30ca49d457e149dcc7e54c0517475eff3432586ff38a662171a3b5dd75be6bb4	"Among which, @PROTEIN$ and SNAI2 were efficiently induced during EMT and their expressions were correlated with poor clinical outcome in patients with @LOCATION$, colon and ovarian carcinoma."	false
5359e4fa73ed31a6444ad2ba50d8d95fee84687c8085c983290cd3488b3c5880	Cystic fibrosis (CF) is a @LOCATION$-limiting disease caused by defective or deficient @PROTEIN$ (CFTR) activity.	false
3f47c178e9e79d7216cf450612792f5e4a99e26c6bc63f34cbe2a8775e0a5574	"Furthermore, SIS gel protected @LOCATION$ from apoptosis by activating protein kinase B (AKT) and extracellular-signal-regulated kinase (ERK) pathways, and markedly up-regulated antiapoptotic Bcl-2 expression but inhibited that of proapoptotic @PROTEIN$ and c-caspase 3. Together, these findings show that SIS gel could decrease H/R-induced cell apoptosis through a mechanism potentially related to its ability to regulate expression of inflammatory cytokines and antiapoptosis signalling pathways to prevent cell apoptosis."	false
c0d46ff9efe8a3f85e381e983dc63435c1eeb49e6cc42ce07c9d9475e85c71e4	Smad3 mRNA and @PROTEIN$ protein are increased in the mouse @LOCATION$.	expressed_in
c7185ffb1f873c0057d9031168ede8c703becb3ca390e4b508a09266c76f94fc	These @PROTEIN$ may accumulate in tissues, leading to end @LOCATION$ damage.	expressed_in
f806af19e185f285d54d27a87575a612092c9542ef9bc02341e2feb2b4e8d903	@PROTEIN$, TRPM6, TRPM7, TRPM8 are expressed especially in the @LOCATION$ cell.	expressed_in
c8ac8c95a2b460d943a107ea721c7ed0d96047a9954858db5907db2da1f31448	In vivo, topically applied @PROTEIN$-LNC-CH8 efficiently permeated mouse @LOCATION$.	false
3150889f75b9491a7e6c179b8dad06ca3a78537a302d0168ea4853824171916c	Human VSMCs were exposed to @PROTEIN$, -2, -5 or @LOCATION$ free media (24 hours).	false
37d8421582bbb153a14cb44022033d3ff543e3248b07f20580e3419bbbba6486	The expression of @PROTEIN$ and SPRY1 in skin @LOCATION$ from natural aging groups decreased with age; there was no significant difference in the expression of DNMT1 in HaCaT cells and the different age groups.	expressed_in
08c5da1a2234f5389065bf455eda7d87b5df969a924601211345be00359556a0	"These data indicate a different response to anti-@PROTEIN$ therapy in patients with HER2+ metastatic @LOCATION$ cancer (MBC) according to HR status, thus emphasizing that ER most likely represents an escape pathway for the response to anti-HER2 target therapy and vice versa."	false
f51a394d6c971e89230f4be9cf074a5ea0593b6bc6e444270d99c7a7201c15e9	"In the @LOCATION$, mtDNA oxidative damage [by measuring mtDNA lesion frequency and expression of DNA polymerase ? (POLG)], mtDNA copy number, mitochondrial biogenesis [by measuring amplification of mtDNA/nDNA and expression of @PROTEIN$ co-activator 1-alpha (PGC-1?)], and oxidative stress [by measuring serum levels of 8-hydroxy-2'-deoxyguanosine (8-OHdG)] were detected."	false
b5d71a2b71b8bbace31b99014b47acf0d253dc838ebb12e67a532bc0111fde05	"AA reduced systolic @LOCATION$ pressure, attenuated myocardial hypertrophy, reduced college deposition and the expression of collagen I and III, connective tissue growth factor, and plasminogen activator inhibitor-1, in mRNA and protein levels, with inhibition of TGF-?1 expression, phosphorylation of Smad2/3, and increase of @PROTEIN$ expression."	false
3a2c214c0f05b0531b5b04ed9bd25935ba606c0065fbd4a17fa0e02c422f62d8	"Here, we review @PROTEIN$/CCL12-CCR2, CCL3/4/5-CCR5, CCL15-CCR1, CX3CL1/CCL26-CX3CR1, CXCL5/2/1-CXCR2, CXCL8-CXCR1/2, CCL21-CCR7, CXCL13-CXCR5 signaling pathways, their role in MDSCs recruitment to tumor @LOCATION$, and their correlation with tumor development, metastasis and prognosis."	false
37ccd1de58bf31fbafd93c229f6b35e2750caaea0f03032061e8bf76339c6048	@PROTEIN$ is also expressed in enteric neurons and @LOCATION$ progenitors.	expressed_in
e23fa276f7765ce1d1956dac34b0d8aeb7999be1d1fbc37f0659b4851cf1976b	Hepatocyte-specific knockout of @PROTEIN$ in mice fed a HFD improved insulin sensitivity and decreased @LOCATION$ acid synthesis.	false
22ce1c5e668608fe29f867ede6bab7e4e7c0c0d06c600a7566497f99ffe50ccf	@PROTEIN$-targeting peptide tracers for PET/MR imaging of @LOCATION$ cancer.	false
5e738bbbb6114ea3323e6aab119f630115caa8680112ea85156a38eaaaa28bd9	"In human umbilical @LOCATION$, lenvatinib showed potent inhibitory activities against @PROTEIN$-induced proliferation and VEGF/basic fibroblast growth factor-induced tube formation."	false
eae866cd501aca0a6d36826f22ffb5891ebcf90d9966bea247c798c50cadfa6f	"Showed significant decrease in @LOCATION$ levels of @PROTEIN$, AST, ALT and TSB with a significant increase in TSP level of all the tested drugs measured at 120 hrs compared with the control and their levels measured at 24, 72 hrs."	expressed_in
26ef807fa9cc70b6d03fb20e038eef3a29ad43e696eb958f18b4b2d6e1a2da0a	"While LPS alone was non-effective, a combined LPS/dexamethasone treatment induced SAA1 and to a lesser extent @PROTEIN$ transcription in human @LOCATION$ and macrophages."	expressed_in
47ff6bc5dbdd939d563b94b1030abcd16bae70299f045549f70a6e0a84b52ced	"Some ATF/CREBs displayed sexual dimorphic expression in gonad at 5, 90 and 180 dah (days after hatching), but not at 30 dah. creb1a and atf4a were found to be expressed mainly in phase I and II @LOCATION$ of the ovary; while @PROTEIN$b and atf4b mainly in spermatogenic cells of the testis, indicating divergence of duplicated genes from 3R which suggested neofunctionalization or subfunctionalization in gonad."	false
4ae45e5cbde74d225eec176b367e662926edbfa676f321e0b160626169a46560	The prey included @PROTEIN$ expressed in L.???intermedia floral @LOCATION$.	expressed_in
30a818a5d5fbfe7f2ef84c720966bd265277e64d045860835b0544ad5a977a03	"Furthermore, the mRNA and protein levels of peroxisome proliferator-activated receptor alpha (@PROTEIN$?), which is involved in @LOCATION$ acid oxidation, were significantly reduced."	false
28e97a377d18f08cdf2cc34d7b3ba8d04939dcd506ddada74449e93c309b3ba3	"The strong EBV association together with other clinicopathological parameters and an immunohistochemical profile that includes CD45, CD20, MUM1/@PROTEIN$, CD138 and Ki67 may be used in distinguishing PBL from diffuse large B-cell lymphoma and @LOCATION$ myeloma."	false
cd2b453e997b4b756a7e303b63c6bf38946c7f5e39e65874008e7050c3344a9c	However, the roles of @PROTEIN$ in @LOCATION$ cancer are still unclear.	false
b79f4eac29467281a1425c6282a6785fedb2aec9b7077d6986fbf68d8a9295b3	"@LOCATION$-specific SRSF3 knockout mice also showed evidence of alternative splicing of mTOR (@PROTEIN$) mRNA, generating a shorter protein isoform lacking catalytic activity."	expressed_in
181822636fe6028c5d98ca6c6db62101cd54efc4cf7cd282acc6c0c0828bbb7a	"We further identified that the E3 ligase Mdm2 (double minute 2 protein) and the PEST sequence in Cav1.2 protein played a role, as Mdm2 overexpression and the membrane-permeable PEST peptides prevented ER?-mediated Cav1.2 reduction, and @PROTEIN$ overexpression led to the reduced Cav1.2 protein and the increased colocalization of Cav1.2 with ubiquitin in @LOCATION$ in vivo."	expressed_in
8ffdf642b5ad54d156e24aff3523055346d78b88af6357e18b86104f84885440	We here examine whether @PROTEIN$ is essential for @LOCATION$ thermogenesis.	false
760f4caf432413cd4fac43375c90c2bf51d6b197ef431927eb85d93854da8607	The @LOCATION$ @PROTEIN$ levels were lower in group IV compared with DMBA group.	false
9dc5abab503e242affcd90fd1a6f7ad6f111dc3b9f4224481dec36aa96f68d5a	@PROTEIN$ is expressed in basal cell carcinoma of the @LOCATION$.	expressed_in
62de1b9f8e6830e8a424ef42748210f12df0a23d084bc30e4566aef9c97cab91	Correction to: Lack of @PROTEIN$ alters @LOCATION$ remodeling in the retina.	false
08155ee5cefed2bb8ad462c07709f10bd356ab3afad3ee84a32a110983492e85	Effect of hypothyroidism on @PROTEIN$ and FSHR expression in rat @LOCATION$.	expressed_in
02916bc4569f8b36c100bc49fee34c0d562264cd4246958ff6a9b6491caaa4f1	Each neonate was sampled for @LOCATION$ culture and @PROTEIN$ (CRP).	false
61ea71d9631324a2ed58718665f6c126f07243ce7176c863b78baae34c3243ec	The effect of amniotomy on @LOCATION$ @PROTEIN$ creatinine ratio test accuracy.	expressed_in
eaceabe397e96a190ba83da86092179ab108f66f8db7a17900a4bcdc7a9a79fe	"Adding tests of ASCVD and @PROTEIN$ together, in parallel, will increase the sensitivity and decrease specificity in recognizing @LOCATION$ subclinical atherosclerosis."	false
fda76564690707b87195a5696203b89e7211e04cc50790fe7371fdbcf1c3f1b6	"In SOD1-G93A mice, histidine augments the protein content of GRP78 and @PROTEIN$ in spinal cord and cortex, where the treatment also rescues type I @LOCATION$ dendritic spine loss."	false
fc34363796a45841c11696cde2c54cc462cabf60f96baa6bf2056f492da596d6	"Congenital hypomyelinating neuropathy (CHN) presents in the @LOCATION$ period and results in delayed development of sensory and motor functions due to several gene mutations including in EGR2, MPZ, CNTNAP1, and @PROTEIN$."	false
d81d3e3a7285fbc075612e9c53cc1a96a05b45bd535d782c81627c7d59707cf0	These results demonstrate the utility of engineered @PROTEIN$ mosaic polymers as a simple route towards the production of multifunctional biomaterials that will be useful in biomedical applications such as 3D @LOCATION$ culture and wound healing.	false
c56d1e9e39278630d4bb2a5b85650d6d38eb7a142529675ae99df62dc6ee24ea	"In cultured human @LOCATION$, CPD 6 significantly attenuated the release of inflammatory cytokines induced by the combination of IFN-? and @PROTEIN$-?, UV irradiation, or chemical irritant stimulation."	false
ebf98892d4a960133274e55faefe0d4dda08e23070e666dd5cd2f19dd65948cf	"Here, we generated genetically mutated mice with activated mTORC1 in @LOCATION$ by conditionally deleting the mTORC1 inhibitor, @PROTEIN$."	false
0a62cefd09c463765d3cd091017ad861f7884fb63cc9271482e5b68ee76c11bf	Decoding the link between WWOX and @PROTEIN$ in aggressive @LOCATION$ cancer.	false
c0f11efe896db66adf0874f922a5101a4cd0196b5f25e3b6ff9b1ff64d778f4b	On day 7 after cerebral ischemia, brain @LOCATION$ @PROTEIN$ were extracted.	false
2f809dce1f7f2347cd003666bc70c762bae8dcad00a18fb6b439106a6989be79	F-PI-2620 PET for the assessment of @PROTEIN$ deposits in the human @LOCATION$.	expressed_in
b11fcc829802826c3a60ac23eeb5394b2a751d98a5cf50e878b8451fcefd7387	"Taken together, the data indicate that SUB undergoes clathrin-mediated endocytosis, that this process does not rely on stimulation of SUB signaling by an exogenous agent, and that SUB genetically interacts with @PROTEIN$-dependent pathways in a @LOCATION$-specific manner."	false
e355d9ea88ad9ef334a508ff290df86b3510099c45dba0654a854f1436e2a597	Trim the @LOCATION$: the role of @PROTEIN$-3 fatty acids in psychopharmacology.	false
d8a2aca4e2e251dcc4fe82658a35c4ab4e1f0d90f297e354f2e1d11f5795f072	"The utilities of thyroglobulin washout concentration, thyroglobulin washout/@LOCATION$ thyroglobulin ratio, and absolute @PROTEIN$ content were compared."	false
b581f04c2e7ebeb73782dffa66d54a309f84987eeba14e446644c9161baf2a3a	Results @PROTEIN$ was highly expressed in @LOCATION$ cancer tissues and cells.	expressed_in
425ca01a6b60e90ba6ec88c784680c6aa53e1c813161c5125fd717b98798e62c	@PROTEIN$ could serve as a prognostic biomarker for @LOCATION$ adenocarcinoma.	false
264af28490c880763ed6253cf25a395b991fadf7334d0adb17969c342d474312	"Significantly, the miRNA-mRNA interaction pairs containing top 10 up- and down-regulated mRNAs/miRNAs upon PMSG/hCG stimulation were established, and so were those involved in the PI3K-@PROTEIN$, ECM-receptor interaction, and focal adhesion pathways during PMSG-induced @LOCATION$ maturation."	false
784f97cbd86115f043cbb8805a047d9c17f4fc2cc1c00c13570cb11e5b9240dc	"Finally, an in vitro study was applied to investigate whether the muscle cell C2C12 @LOCATION$ expressed @PROTEIN$ under 10% burn serum stimulation."	expressed_in
b78ec458aa450f860cb733136c656894ea2900833958b117db6ed02d49907c55	Human @PROTEIN$ (HSA) is the most abundant protein in @LOCATION$.	expressed_in
30cdb02b350b65b8116d177662977dfe39e1435d053e3c47a7e6279cd95cad0b	High levels of tumor-infiltrating @LOCATION$ (TILs) are associated with improved prognosis and response to therapy in patients with human @PROTEIN$ 2 (HER2)-positive breast cancer.	false
f44f28d551d68c53556e0beeaaa9fddbe6d87219abe188a92f679bd59c0bdd6f	Generation of a knock-in MAP2-tdTomato reporter human @LOCATION$ line with inducible expression of @PROTEIN$/1 (NYGCe001-A).	expressed_in
f35bb6b366dd0986b90f6cdf925b62f60e19832bc0dab58db4fb99a51db35151	"This review focuses on the gene regulatory network and chromatin-based kinetic constraints that determine activities of transcription factors TCF1, @PROTEIN$, PU.1, Bcl11b, Runx1, and E proteins in the primary establishment of @LOCATION$ identity."	expressed_in
2304fb7c72f6ed35bde44667c2ae1253c24a9025a7dbc37e2e375c5ff0b0e45a	PSG (1?:?1.5?:?6.3) at 125 ?g @PROTEIN$ could significantly decrease CRC cell viability at dosages that were not cytotoxic to healthy colon epithelial cells or @LOCATION$.	false
f79cef71b7bc38c91b3ff31cc6e6a7c2a3aeb9aa916f95bcbc1f7c492b14f16d	"Consistent with observations of persistent inflammation and immune/endothelial activation in ART-treated HIV infection, levels of soluble @PROTEIN$ receptor II, CXCL10 and soluble VCAM-1 were elevated in MLHIV (p?0.005 for all), but were not significantly associated with @LOCATION$ formation."	false
6b82cf466d0d1d34d0aa61362713697564208bcedfdd334569fc22ab999cb9ae	TGF?1, @PROTEIN$ and TGFBR2 were highly expressed in antler @LOCATION$.	expressed_in
0464ef51dfd6582e1251761dc797df016e0d5391bf205f56dc03bfb99eb4008a	"Cabozantinib increased plasma concentrations of CA-IX, soluble (s)MET, PlGF, sTIE-2, VEGF, and VEGF-D, and decreased sVEGFR2 and @PROTEIN$-? and total tumor @LOCATION$ volume."	false
e2e2348a979234a2372999470a9d69deffd1c6ffccef2241946889397adb0217	Transformation of the @LOCATION$ @PROTEIN$ framework under laser heating.	expressed_in
64a6c20d7fdbe0034181580786cce038cd6f53e4c3de6733270c4656c15272e9	Similarly, @LOCATION$ @PROTEIN$-B levels in patients with NAFLD were increased.	expressed_in
67def6e64932e8d5a546f06466f18941a194d6e553eb8e4ab7617f0672452d74	Role of @PROTEIN$-TrkA signaling in calcification of @LOCATION$ chondrocytes.	false
3eba60038b604273b97587f81e97f45756b038b0b15a52a4e44a35f6a0a3a216	Our results suggest that CXCL1 promotes @LOCATION$ stem cell proliferation through a mechanism involving the production of reactive oxygen species and the PI3K/@PROTEIN$ pathway.	false
11814c40d1017138e453e2660ec1deca4c40efe3dc59d9850617ce959388c731	Expression of @PROTEIN$ in @LOCATION$ germ, dentigerous cyst and ameloblastoma.	false
adadfd86b10f7772397514598f9fc23790c86da82d636cf75b31bc2e1e7270a3	"In myenteric @LOCATION$, the neurostimulatory effects of Ex-4 were dependent upon activation of PI 3-kinase and ERK-@PROTEIN$ signaling cascades."	false
e341327e329e550e8e4acae23455a2b645753ce73d1cb2555139f373788d50df	The @LOCATION$ @PROTEIN$ content in the 7-day-old MMG was highest (p?<?.05).	expressed_in
000896b91c1482de8978bb2d2f9fca21b63cf5909b6c0bc56c37cd889eb06e00	"Unexpectedly the EZ maintains an embryonic-like dorsal-ventral pattern of expression of @LOCATION$ developmental transcription factors (ARX, @PROTEIN$, MSX1, and PAX6)."	false
a5fd557b11717559f2c613c9d58fcbae1e61b64bdc358a9be7aff783e8899629	"A total of 87 patients with SLE were tested for the following cytokines in serum and urine: monocyte chemoattractant protein 1 (MCP-1), regulated upon activation, normal @LOCATION$ expressed and secreted (RANTES), soluble tumour necrosis factor receptor 1 (sTNF-R1), @PROTEIN$-inducible protein 10 (IP-10), monocyte inhibitory protein 1? (MIP-1?) and vascular endothelial growth factor (VEGF)."	false
113f077cf8f5077dbaa38df3dddf5eca7794231d0a29c6db9521e3f37652f14f	TGF?1, TGFBR1 and @PROTEIN$ were highly expressed in antler @LOCATION$.	expressed_in
8e364f747589d235bd52eb6f62b178ef7957c7f06770459fdcadb4beae0520de	Morphine withdrawal-driven synaptic plasticity and reduced sociability require tumor necrosis factor-? (TNF-?) release and @LOCATION$ @PROTEIN$ receptor 1 activation.	false
bdb8df67401ebf6b6cadf359b184c6e04fc6380d04d017059678c9f4c83106e0	"To our knowledge, this is the first observation that proteolytic activation of @PROTEIN$/2 receptors in @LOCATION$ induces M2-like macrophages with impaired plasticity and their implication in the driving of the Th1/Th2 cytokine profile."	expressed_in
aee310e1bd3d2befeb2d5a2920225ab78a11c0cddf627cb1c26f0da353ae5a0e	"Both TKIs significantly inhibited mineralization and downregulated @LOCATION$ marker genes, including alkaline phosphatase, @PROTEIN$, osterix, as well as genes associated with the pro-osteogenic Wnt signaling pathway; NIL was more potent than IMA."	expressed_in
52f4138f7dd61e632b75ea4a601d91ccabbc6fa6c081e09f092677f4001ae2b1	Phenformin had no effect on @PROTEIN$ secretion in @LOCATION$ cancer cell lines.	expressed_in
2b32e3ae93e7d50b9c067dad546df3442504fc7144c8858746d4c955b29ebcc2	The drug reduced the CD68/@PROTEIN$ ratio in CA3 region of @LOCATION$.	expressed_in
00cb63cff12a38b1af54e715e041ec2beb93094955763afdfa8fd170aa066b20	Somatic mutations in @PROTEIN$ are present in 20%-30% of all @LOCATION$ tumors.	expressed_in
744fc2fa3731485221f14ee5d075b2602d60f5c4c0c251f0c8ccd7ed5e5e714a	In @LOCATION$ sections, @PROTEIN$ was mainly localized in basal layer of epidermis.	expressed_in
cedcc5280e1887fc495e7ae57ca2c7fcb606c30e6d14141d3e98df4fd0ea8bff	"The main RA factors modified by polyphenols are mitogen-activated protein kinase (MAPK), interleukin-1? (IL-1?), IL-6, @PROTEIN$-? (TNF-?), nuclear factor ? light chain enhancer of activated @LOCATION$ (NF-?B) and c-Jun N-terminal kinases (JNK)."	expressed_in
587cf5ff5faf33ff77ea43c46a10bbf7c3e22431c5ec42a07a3b5af898da56e4	IL-17-producing autoreactive CD4-intermediate @LOCATION$ were observed in the sMLC; these expressed several stem cell markers or an immunosuppressive receptor @PROTEIN$ on the cell surface and so seemed to be different to typical Th17 cells.	expressed_in
6a2e1d7675864171d811789bcabb53c34c136d7ca9a4e8e9a1db25cea8837957	Loss of the @PROTEIN$ impairs @LOCATION$ cells maturation.	false
343cfaa50076877761c67da111c4a8506601f787caf7fe9b57ed1c5ec0703f9d	Her calcium and @LOCATION$ hormone (@PROTEIN$) levels were very high.	false
5c3834ffcfd574248cb32460215936c372a40ca9b6096be44eb27ef471b07394	Functions of estrogen and @PROTEIN$ signaling on @LOCATION$.	false
0dbd68bd856844f5a247abb683dbd884b8d2ac9543bb7507db6fb8eabc5b9443	Joint genetic analysis of @PROTEIN$ foci-immunofluorescent markers of crossovers-from the same @LOCATION$ revealed that two of the identified loci also confer differences in the genome-wide recombination rate.	expressed_in
7d7aaf07d64f6ca264976e3d41ac8f74f5f97c90334e6a391dd52d1d5fc03ecf	Paired box 3 (@PROTEIN$) is a transcription factor and critical regulator of @LOCATION$ development during embryonic development.	expressed_in
678bdeedff0ba9b0509639dfa958de46bfcc8de40033eafe88bea4f79d006842	"Deiminated histone @PROTEIN$ marker of @LOCATION$ extracellular trap formation, was also detected in llama serum."	false
4218f02972b8f7034c3937f7bf112ad5f1c895513298014c3de19698b03e797a	"Although this NK cell phenotype is typically associated with NK cell dysfunction in cancer, we reveal the upregulation of NK cell activation markers, such as CD69 and CD25; secretion of pro-inflammatory cytokines, including @LOCATION$ inflammatory proteins (MIP-1) ? /? and IL-1?/6/8; and overexpression of numerous genes associated with enhanced NK cell cytotoxicity and immunomodulatory functions, such as FAS, TNFSF10, @PROTEIN$, TNF, and IFNG."	false
c3a6251cbe667ba1dd1c12a64e22aab97fb0c1d91b593178cf351e0e189936b0	"In this study, we hypothesize that FGF2 might promote the differentiation of hair @LOCATION$ (HFSCs) into endothelial cells (ECs), in a manner dependent on @PROTEIN$ activation."	expressed_in
afbf95581d01840a0e5bef58118f3566a17453877b049f6bc902d61093ff769e	@PROTEIN$ 5b correlated with @LOCATION$ density at start but not at week 12.	false
3741c13a7d10cc667bbdf10579b5ea9d785166f737c76f638760f0c544b109c0	"Furthermore, L-NAME increased the expression of ER stress markers, @PROTEIN$ (ATF-4) and C/EPB?-homologous protein-10 (CHOP-10) in both heart and @LOCATION$ of hypertensive rats."	expressed_in
164b4d57e7c076fd870fa8230ec27380b9af024ef99e2e08f58f8056fd39d153	Accordingly, tumor @LOCATION$ showed strong staining for @PROTEIN$ and Ang-2.	expressed_in
b1de9992d59604dc6d717cc6b434d922a1900cbb61e7e64d9b7034f7431d8333	@PROTEIN$ is involved in the @LOCATION$'s inflammation and immune response.	false
f1b626a619f73282e30bbd4895be8bd22861ea06cf9f3f207963533c3266f5c2	"We analyzed the changes in permeability of endothelial cell layers after photon irradiation, with a focus on the metalloproteases ADAM10 and ADAM17, and on @PROTEIN$, components crucial for the integrity of endothelial intercellular junctions, and their roles in the transmigration of cancer cells through @LOCATION$ monolayers."	false
4b231e4d25cc8a1720f9b139d7c5225950e941852de4d6baba1814d32fff8e41	"Compared with that in the control group, the content of LDH, @PROTEIN$-? and MDA in the lung @LOCATION$ of the PQ group was significantly higher, and the activity of SOD in the lung tissue was significantly lower (all p<0.05)."	expressed_in
2af27468848b526eac086ec122aa72e3fe58cd19a5aa0b366f0c7dc7ca9c9724	"The effect on @PROTEIN$, IL-1? and TNF-? release by @LOCATION$ and respiratory epithelium cell line (A549) was measured by enzyme-linked immunosorbent assay (ELISA)."	expressed_in
98caf03f12c8da42d488a01837e497bf404b94d144b6bcf3a428c25bb0412fca	We previously found that passive immunotherapy with anti-tau antibody to human @PROTEIN$ or expression of an anti-tau secreted single-chain variable fragment (scFv) in the @LOCATION$ of a mouse model of tauopathy decreased but did not remove all tau-associated pathology.	false
78197dd1820cf9b509d2119a912be785ecc45d7f17746e0df32dcf737f1d58ad	The expression of @PROTEIN$ and markers of @LOCATION$ cell were analyzed.	false
ca8ed4b7f273868e4feef8ff07c766d58101d4cca9fce017b007e6988f79e9ac	"The interaction of @PROTEIN$ and ABHD5 can be regulated by @LOCATION$ acid supplementation and synthetic ABHD5 ligands, raising the possibility that this interaction might be targeted for treatment of fatty liver disease."	false
1c1b8032084226c832636b6aaa9ab9dc06104b9fbf334d1e106c615fa6419b9e	"@LOCATION$ ceroid lipofuscinosis type 2 (CLN2 disease) is a rare, progressive, fatal neurodegenerative pediatric disorder resulting from deficiencies of the lysosomal enzyme tripeptidyl peptidase 1 that are caused by mutations in @PROTEIN$."	false
11eaf01731d27f7ca67bba741bc08a05feaad99f3b97c1f0ca67f0470b35c5a1	"Myocardial infarction is associated with induction of several members of the superfamily, including TGF-?1, TGF-?2, TGF-?3, @LOCATION$ morphogenetic protein (BMP)-2, @PROTEIN$, BMP-10, growth differentiation factor (GDF)-8, GDF-11 and activin A. This manuscript reviews our current knowledge on the patterns and mechanisms of regulation and activation of TGF-? superfamily members in the infarcted heart, and discusses their cellular actions and downstream signaling mechanisms."	false
a16b9a8c1cb8097d2230f671390289c75397caadc12e46ed40bfd9da2f021fa1	Association of @PROTEIN$ and anemia in early chronic @LOCATION$ disease.	false
bf3f4245ecd460d80937667ef21543d10c29cbe623ef90b016be804678bd30b1	@PROTEIN$ is one of the main adipokines secreted in breast @LOCATION$.	expressed_in
25de32251e044fbefba38c7a8d6c250b8dfd11683f1169b317fb9207c3e22e4f	The role of @PROTEIN$ in neuropathic pain induced by @LOCATION$ injury.	false
e3fc3656e4c77f523da0c540c7cdec33757f3e68bb5af1375025fef8a32cb590	The screening for @LOCATION$ anti-@PROTEIN$ antibodies was positive.	expressed_in
efbd86cfb58dc304c12c79f8d4555bd9c4a0b1a579a8e976d62bf74f500702ce	Here we report a detailed workflow how to apply high-content screening (HCS) microscopy to signaling events in TRPV1-positive @LOCATION$ as well as an approach to use the selective elimination of TRPV1 positive cells from dissociated rat sensory ganglia as base for transcriptomic analysis of @PROTEIN$-positive cells and/or as control for TRPV1 antibody specificity.	false
e5877da20f7c51127397a09ebc6511df30f64a59b3e15131094c66e8697a6c4b	@LOCATION$ @PROTEIN$ and LOAD scores were weakly associated (P?= .03).	expressed_in
fcb21ef433ef697e8cf61501043c8d481c532fb56658584a703a8b833f26132b	Indeed, @PROTEIN$, but not EVA1A-AS, is expressed in normal @LOCATION$.	expressed_in
ca2e65622a39144ec3ba5d36b41a5c03709aa21622fe7c58618e779605d1a151	"Immunohistochemical analysis showed the increased expression of caspase-1, @PROTEIN$, IL-18 and IL-1? in the @LOCATION$ of subablated hemangioma."	expressed_in
54fa4ecac1bde0c2c61ab3b690f9e59852e6c262a2560bffc155bc8c50a3afdf	We found survivors-maintained antigen-specific @PROTEIN$+ @LOCATION$ memory immune responses mediated mainly by the viral protein NP.	false
785a75d2a7829b8eb3daf20e25ce7031d00dfb4000fed5211ebb0ac55a33eb37	"Moreover, Epac agonist promotes @LOCATION$ (EC) survival via reduction in activities of pro-apoptotic caspases in a PI3K/@PROTEIN$ and MEK/ERK signalling-dependent manner."	false
fb49eeef253d996c3a31a12cd9e2b29f0f896c45b594b1d334e36738c019fd5f	Hematoxylin and eosin (HE) staining and nerve growth factor (@PROTEIN$) immunostaining of the @LOCATION$ were performed for histological evaluation.	false
fb8ee51c1d581b68de6d7af70869f3f1eb002cd42f8cf41a3e932a70e1490127	The Fluorophos method was used to investigate residual @PROTEIN$ activity levels in several fluid @LOCATION$ products.	expressed_in
a1691f76ea2bbd49ca7d7998d48cf8882434e18bc05f5fc39f6e20c5aa5b2c3a	@PROTEIN$ administered to patients with malignancy yielded dramatic increases in NK numbers and modest increases in CD8 @LOCATION$.	false
fc3572eadd7ce852d4e785c800e56e0196d2720444a0c5af48667aecb2bc96cc	"Moreover, SHMT1 was negatively regulated by miR-218-5p and attenuated miR-218-5p-mediated effect on cytotoxicity, IFN-? and @PROTEIN$-? secretion in IL-2-activated @LOCATION$."	expressed_in
8c2d46f8b77d0461970ee5f926b686f7908856c11e8788fe0d4c45a966b43164	Its EAA composition is like the children and @LOCATION$' reference @PROTEIN$.	false
05f9975b3a0ec4ce0e3cb4b550433ef4fe4e19b494f22ad4f04642fb2553ef77	"A small group of older @LOCATION$ cancer survivors carrying the @PROTEIN$4 gene, receiving chemotherapy, was at increased risk of long-term impairment of brain function."	false
b955a94d088e36d66535221cffa7898f58c0cedef2f3dce82787f967f571c413	We found that in cord @LOCATION$, there are @PROTEIN$+MPs that carry microRNAs.	expressed_in
a75456668e332d2d5a6b964a764d16ad51f369b4a2534d1fcff7b611e4df7f12	@PROTEIN$ transcripts were also detected in the adult human @LOCATION$.	expressed_in
beceff5c55f53b7908d844e5c672bc8dac20de58cea61f6af09d8bfad68c49a9	We found that the expression of the @PROTEIN$-CCR5 axis was significantly elevated both in the peripheral @LOCATION$ and oral tissue of patients with OLP compared with healthy controls.	expressed_in
00e149e6364dbb3291b0c83446ff5180b03dad748bec047330dd3aeb895fb7d9	The IL-6 and @PROTEIN$-? levels in @LOCATION$ were detected by ELISA assay.	expressed_in
b168e6c59a9edc5acbd46596a93b06d1bb25ac52a2533e98992b5d99258c779f	"We investigated the expression of RET9 and RET51 isoforms in medullary (MTC), papillary (PTC) thyroid carcinoma, normal thyroid tissues, and pheochromocytoma (PHEO) to verify if these isoforms are present also in @LOCATION$ thyroid cell-derived tissues, and if there is a differential expression of @PROTEIN$ and RET51 in MTC."	false
f2fdab848d472c953efc70ab63a1c46e57badfbd8e32741161e4f36c1ea467cf	The @PROTEIN$ matrix is a structural element of red @LOCATION$ cells (RBCs).	expressed_in
29cc14568123f45f8116640003a80845d0ab16c9990531bad1bbdd65cd8237c1	"In bone marrow derived @LOCATION$, @PROTEIN$ level was similar in LPS tolerant FcGRIIb-/- and wild-type (WT) cells despite the increased LPS tolerance of FcGRIIb-/- cells, suggesting relatively low basal levels of Lcn-2 produced in FcGRIIb-/- cells."	expressed_in
b3d9a0e09607ba5c43966db534a568e1b491a09b4394d16ef5ff71e0e60fb4d9	The mean @LOCATION$ @PROTEIN$ levels got significantly increased in PCOS group.	expressed_in
6b7c134984d5aa8d299c22ee181951f19ab88e0499979c220dd53922f59a3de9	"Accurate assessment of @PROTEIN$ metastasis in @LOCATION$ and neck squamous cell carcinoma (SCC) is important, and diffusion-weighted imaging (DWI) has emerged as a potential technique in differentiating benign from malignant lymph nodes (LNs)."	false
b5dbb14fe0df8c9c49d5b084cf5f60cdfdeea63855426cf011e2544d6b996714	Hypoxia can induce the increase of @PROTEIN$? in @LOCATION$ cancer cells.	expressed_in
8824c9fe909eed3151a723e38781e05d99288a6dd9877b1d02e990058acfe615	Moreover, clinical data implicate @LOCATION$ @PROTEIN$ levels in disease prognosis.	expressed_in
824b635c660b209f597b0eeff09250f72e6bed603c692fab998e75850f3d9900	Lipopolysaccharide and @PROTEIN$ alter gene expression of @LOCATION$ and cumulus cells during bovine in vitro maturation.	false
d1e931ac164df26aff3a10b8875f2ec53e808aca64fa44c764ac82b518271c78	@PROTEIN$ @LOCATION$ function-associated antigen-1 (LFA-1; CD11a/CD18) on white blood cells (WBCs) and causing cell death.	false
ac70b83fcb7630a80479ede7a2245fd27a09537db995736a6d034278e6fc3966	"Overexpression of @PROTEIN$ and LEPR was distinct among the different molecular subtypes of breast cancer, suggesting a certain predictive value for @LOCATION$ cancer prognosis."	expressed_in
c8632c61cc4828cd897f52d3d3eab7fe45738252b2b0adc3315f8a65f8fa13c7	"Furthermore, elevated QC activity in inflammatory mice brains was also inhibited, and levels of IL-1?, IL-1ra, @PROTEIN$-? and CCL2 in serum, kidneys and brains together with the @LOCATION$ and microglia cells in brains were all repressed significantly after the treatment of DPCI-23."	false
dbd5934d607d29ce500619b4216212c55b5d14bc172dc486a31525d37e94cfb0	Adult T-cell Leukemia (ATL) is a lymphoproliferative disease of @PROTEIN$+ T-cells infected with Human @LOCATION$ Leukemia Virus type I (HTLV-1).	false
7f1e10dec38e15ae0b5eada26d1f31f727a2b3c2cee92149f6161150d8044879	"Liver function, oxidative indices, inflammatory factors-including @LOCATION$ alanine and aspartate aminotransferases (ALT and AST), tumor necrosis factor ? (TNF-?), @PROTEIN$? (IL-1?), liver glutathione (GSH), superoxide dismutase (SOD), malondialdehyde (MDA), cytochrome P450 E1 (CYP2E1) and 4-hydroxynonenal (4-HNE) were measured."	false
0c8a18bb53acf9ed86f41b75b49fb5fd9dc2da34d59b3ca2fcfb6c004ffb9db4	The concentration of @PROTEIN$ in the @LOCATION$ was also elevated.	expressed_in
ff812cbb2fbaa88caeff3cc44f47aef0942698dd948e254bb1f5e597324d982e	"Ovariectomy reduced lumbar compression strength, distorted bone microscopic architecture, inducing @LOCATION$ and trabecular dystrophy, and increased the markers of bone turnover (serum alkaline phosphatase and @PROTEIN$ and urinary calcium, phosphorus and creatinine)."	false
26904ab14457c41c8db662b3886b011a274264f33e796fe27abb4c27550616fc	"These results suggest that cytokines IGFBP-1, TNF RI, VEGF, TNF RII, @PROTEIN$ and IL-6 may be involved in the development and progression of @LOCATION$ cancer, and TNF RI may be involved in distant metastasis of lung cancer."	false
15b9f51544fa3fc07bc0d50bded0381aee170b9dd9f8bc931f219a9cd39f6aa6	"The expression of inflammatory response molecules @PROTEIN$-? (TNF-?), interleukin-1? (IL-1?), intercellular adhesion molecule 1 (ICAM-1), vascular cell adhesion molecule 1 (VCAM-1), and nuclear factor kappa light chain enhancer of activated @LOCATION$ (NF-?B) was determined by real-time PCR and Western blotting."	expressed_in
4ef5dc09214e5c22018fdb12a96772fffb773b099c0d1d673299d227682df907	@PROTEIN$ recruits TET1 to shape the brain methylome during development and upon @LOCATION$ activity.	false
05cbcaecc57db5579a22c12e908cdde0c27eba6c1146c1625349c8a89c21d791	MiR-34a levels increased, while @PROTEIN$ decreased in the @LOCATION$.	expressed_in
187dd224aa7ee5e5cffbd68d1bd4a778e81fcf5136ba3aa0ac78e428215f89c5	Elevated @LOCATION$ levels of ALT were associated with @PROTEIN$ resistance.	expressed_in
331a86625154c9a5ea47cfdf96fb0c2c54b26b57869f291edf1c5b9b083ae7c5	The effect on @LOCATION$ mass and @PROTEIN$ content was insignificant.	false
23141847df0602a53eb1e0613107d7fdcfee4613ee9fb93ad8fee92e6af806d1	"After ex vivo trauma and/or CHX/TNF stimulation, addition of zVAD further enhanced expression of necroptosis-related markers as well as release of PGE2 and nitric oxide, which was in line with increased cell death and subsequent release of intracellular @PROTEIN$ and dsDNA in CHX/TNF stimulated @LOCATION$."	expressed_in
177685c0fd272516b6e9b10ab2275f7ed8d942b779ebed67e88b22e1d23196fa	The role of follistatin-like 1 (@PROTEIN$) in @LOCATION$ homeostasis is unknown.	false
aa002c6c1ed83d71d7bdaf64466de74fbc7d7e23c111f18fe3d90d4964234f4d	@LOCATION$ @PROTEIN$-CTF localization was determined by immunocytochemistry.	false
4ad72391f866a3466d296e617065335adf44b54d7d2df53cd8ad4b111f19bc5c	"The microscopic findings show that the tumor was well-differentiated tubular adenocarcinoma invading the @LOCATION$ propria with no regional lymph node metastasis, and the mesenteric phlebosclerosis lesion was characterized by marked fibrous thickening of the venous walls with calcification, marked transmural fibrosis and deposition of the @PROTEIN$ in the mucosa, accompanied by macrophages within the vessel walls."	false
c05451ee4381bba6bab84743af1533b001c162b96624c66f188df992105925a0	"Using murine models of chronic @LOCATION$ stimulation, we have identified a phenotypic signature of NCE characterized by up-regulation of the terminal differentiation marker @PROTEIN$ and by down-regulation of eomesodermin and the activating receptor NKG2D."	expressed_in
ee0da3eb6d23b31f09abf404af59f57c4e956d5806719595e18dab6a0f8387ec	T cells were all reduced in the treated @LOCATION$ of @PROTEIN$ KO mice.	false
5706d5fa24af6dcc20e264d5d2c21ffb50d0432f01320260f4377408176e4a6f	@PROTEIN$ was measured in the serum and @LOCATION$ of each cat.	expressed_in
bf9fa1d3b2e3ac175340038d83425cdbcf41c8a690eb2f73fa39f1d6c6505cfd	Role of mTOR complex in @PROTEIN$ induced @LOCATION$ differentiation of DPSCs.	false
bf5fc13fa767c785fb7fb6d0f60fe87167df46dcea7713a73bbaafb1d50d820d	"Therefore, we aim to evaluate the patterns of feeding, the mRNA expression of 5?H?T-1b, 5?H?T-2c, and SERT on the hypothalamus, @LOCATION$, and the body weight of female juvenile Wistar rats, submitted to early (@PROTEIN$15) or regular (PND30) weaning."	false
c6912fb74fcc6f8fc88e7e199a2f85fa7aae0ce7078b1b840f8f416289a68dc3	"We reviewed the medical records of 296 premenopausal patients with hormone receptor-positive, human @PROTEIN$ 2-negative primary invasive @LOCATION$ cancer treated between 2008 and 2015."	false
5bcd202591f21cb065f09a043afa92cee1addd691d627dd2a79fda0952665e12	The importance of @PROTEIN$ intake and strength exercises for older @LOCATION$.	false
caadd5b19936ca1e36cdaa2ab04a7034552cf08553788b3f5aded1d9d64f5cc0	"TLR4 knockout promoted fracture healing, reduced the number of @LOCATION$, increased bone callus volume (BV) and callus mineralized volume fraction (BV/TV%) (P?<? 0.05), increased the maximum torque and torsional stiffness of callus (P?<? 0.05), reduced @PROTEIN$-?, IL-1? and IL-6 expression (P?<? 0.01), and increased the expression levels of ?-catenin, Wnt4, Wnt5B, PCNA and BMP-2 (P?<? 0.01)."	false
20373a104db751029582366ded50fefdb07e3f4e22a36c080e6cb1807a7f4f01	@PROTEIN$ expression was upregulated in the @LOCATION$ of GH-transgenic mice.	expressed_in
bd0250e89d156a2beb5cf26613b8fbf2050a20e777419983839feeeb69a861a7	New insights into energy and @PROTEIN$ homeostasis by the @LOCATION$.	false
ab08e1376f7b34d2e4e783ec041b597ab41ddfe1145dd7e1915b91b135bce89f	Vimentin is a key factor linking EMT and @PROTEIN$ in @LOCATION$ adenocarcinoma.	false
03f4d5862e0dfa03dd8e3bd19acd63f5a7f7632f1fd20c430b9d55121dc691cf	"The @LOCATION$ growth factor receptor (@PROTEIN$) signaling pathway is activated in multiple tumor types through gene amplifications, single base substitutions, or gene fusions."	false
f4099d28373b62388d1fe866ab0a15fd9213d4ecde506497be0271e0e3d54ea6	Programmed cell death-1 (@PROTEIN$) pathway inhibition in head and @LOCATION$ squamous cell carcinoma (HNSCC) has demonstrated inconsistent efficacy regarding human papillomavirus (HPV) status and PD-L1 expression.	false
a766624b34352fc29e941cac09996a77f95392ca4cbb58186427308139e7828c	These results show that CXCL2 attenuates @LOCATION$ differentiation through inhibition of the @PROTEIN$/2 signaling pathway.	expressed_in
811759d22da5ba3b1886b870c0a349ac2b40b4fe1c598d20aba3a86721942c86	The role of @PROTEIN$ (Hh) signaling in @LOCATION$ biology has first been highlighted in embryos by Pepicelli et al. in 1998 and Rowitch et al. in 1999.	expressed_in
4958cfc088dbbb754c9136c6c67c5da44b2f1704eb28baa4ca3bad1334e0d10a	Silencing SEC5 inhibits @LOCATION$ invasion via @PROTEIN$/Ca2+ signaling.	false
64de3785a073bd64eea550be70493fed7fbfaf05cbf7b55adb0f32c00938bab9	@PROTEIN$ and U2AF1 mutations were strongly associated with @LOCATION$ patients.	expressed_in
5ff4663a8c0374932159c89ca483eafcc08a4850d6d11ebe9956c15fc3f61947	"This study explored programmed death-ligand 1 (PD-L1), epidermal growth factor receptor (EGFR), @LOCATION$ endothelial growth factor (@PROTEIN$), p-signal transducer and activator of transcription 3 (p-STAT3), and death-domain associated protein as predictive biomarkers with regard to preoperative chemoradiotherapy in rectal cancer.Formalin-fixed paraffin-embedded cancer tissues from pretreatment biopsies from 31 patients who underwent preoperative chemoradiotherapy were studied."	false
ee1c29131c7dd73ef19f0a83e99c7ee7cf13edd41e302643f8c62b790ecceda9	SUMO1 modification of @PROTEIN$ channels regulates @LOCATION$ contractility.	false
0f0d32eadaba53b7bccd648d4553db77f66d00535a462251aec4e52b7339ca40	@PROTEIN$ is most highly expressed in Schwann cells of @LOCATION$.	expressed_in
c40c8a7f1fd39e951dc68f3e867255cd384d94c277dd9cd0f803fca28cfc14f9	The expression of @PROTEIN$ in @LOCATION$ specimens was detected by IHC.	expressed_in
a12948e78cbe2729f20caf90462ddc50699391cf388b31d394bc2656c14f3fc1	Diosgenin inhibits the expression of @PROTEIN$ in @LOCATION$ cancer cells.	expressed_in
e2ce9abf1fe6cfa248d742145fe79867c1561de3414fa39b45eaac5d825715a5	"All groups were evaluated in terms of testicular tissue levels of @PROTEIN$-? and IL-1 using ELISA and the histometry of spermatogonia, @LOCATION$, Sertoli cells, epithelial thickness, diameter of veins, and thickness of the seminiferous tubule."	false
1fa2f2ddd7ff66c2bf114e058655b77853cd9ef4e3d5de819b7fb883255dd557	"Furthermore, the effect of various Toll-like receptor (TLR) ligands on inflammatory responses was explored, revealing that PBMCs from TRAPS patients are hyper-responsive to TLR-2 and @PROTEIN$ ligands and that interleukin (IL)-8 and granulocyte-@LOCATION$ colony-stimulating factor (GM-CSF) are likely to be involved in the pathogenesis of TRAPS."	false
5f6ef8f7d9e4361a6a08814d8f386530505b3a31fc1b33a7e06b383945f8ad62	LncRNA @PROTEIN$-AS1 was significantly less expressed in colon cancer @LOCATION$.	expressed_in
8a64f538f4689c9c3fcf70675edb369cb96bea0b7e6af1ca1629f3a98382c38d	"Ninety-one genes including prognostic and predictive marker profiles, as well as genes involved in specific cellular pathways were mapped within whole breast cancer @LOCATION$ sections, covering luminal A/B-like, @PROTEIN$-positive and triple negative tumors."	false
bcef1c04886ea82f9a79c99138369ab9630f7fca8560aad7b1315129e4f7d689	The latter may be estimated by measuring @LOCATION$ @PROTEIN$ levels.	expressed_in
b3102119e23248919dbc0ead679aabb741f1f5a36665911a73ac9b3e118f310d	"Thus, @PROTEIN$ positively regulates MPC differentiation into @LOCATION$."	false
67064d938faec6a14d2bac7ec4e2db1462fc078b62a4eb6de598e9ae3ed3aebc	LABAs and p38@PROTEIN$ Inhibitors Reverse the Corticosteroid-Insensitivity of IL-8 in Airway @LOCATION$ of COPD.	expressed_in
32afb51dad612fd38a3d01cbc9f28793b922d37c645297d62f52cb2709139979	Capillaries and muscle fibres of the gluteus maximus muscles of seven high-@LOCATION$-diet-induced obese and @PROTEIN$-resistant mice and seven age-matched lean healthy mice were immunofluorescently labelled in thick transverse muscle sections.	false
34efc9f5ad5386c878d6f7386958504ba0575fe8fd0c100921d3f7d8ce4058ea	"The sample purification was based on the selective capture of ADM and IFX in human plasma or @LOCATION$ using biotinylated TNF-? (b-@PROTEIN$-?), which was coated on a streptavidin 96-well plate."	false
a197e94ba46599512158278a607b79ef69886beead56c7fd1cca0600337b215f	The @LOCATION$ levels of NSE and @PROTEIN$ were measured before and after surgery.	expressed_in
9f3f5610881771ae78618ff5d36c3c34d40b86c5388b0f7728656be3ffdd8aea	"Moreover, the pro-proliferative effect of @PROTEIN$ on @LOCATION$ cancer cells was associated with inactivation of the forkhead box O1 (FOXO1) transcription factor."	false
8481616d4ad91d20891dc8c573e69ebecfe6bd8fa4281498bc24b272ea95ac07	@PROTEIN$a is a prerequisite for spermatogenesis and fertility in @LOCATION$ fish.	false
2df5aa3804992cbd4515a2b66c47c9179927efea57ec0f8667330bef82f2baf6	GLUT12 is expressed in @PROTEIN$-sensitive tissues such as @LOCATION$.	expressed_in
dd3e57ec7ebc4b11e47f98017f0e9a74c148f94e52c426a5d3f7bb80361615da	"The amounts of Bifidobacterium and Lactobacillus were negatively correlated with the content of @PROTEIN$-? and IL-6 and the CD4+ @LOCATION$ count, while those correlations were reversed for E. coli, E. faecalis, and E. faecium."	false
dbb6fb00de6c7fa68922d028a832f64ccf80950cc1066f28b904520a1acad87b	"These cytotoxic effect of @LOCATION$ derived from ApoE KO mice was associated with higher expression of Granzyme B, Fas Ligand, IFN-?, @PROTEIN$-?, NKG2D, NKp46, and DNAM-1 expression."	false
a3d8e55ea78c80f42821265511be2f5e33325e4d70fcc9668b7ef23bf944e61b	"Importantly, the respective roles of TLR4/NF-?B, @PROTEIN$-?, and IL-6 in intestinal epithelial cells and @LOCATION$ are summarized in detail."	expressed_in
cd7fb16ad15edb42033d17f8ea117991d89a6e6a5628ed64fb5a47c8a1458854	Also, @LOCATION$ @PROTEIN$ content was determined colorimetrically.	expressed_in
53f1a02d2560c3bfbc3ce5d7078160f6503ace49dff40b09e22c4087dad5447a	These results reveal a direct interaction between Gata3 and @PROTEIN$ in the niche that supports embryonic HSCs and highlight a dual role for Runx1 in driving the transdifferentiation of haemogenic @LOCATION$ into HSCs as well as in the stromal cells that support this process.	false
7ac74738a679f9f9064c347e471f3b484197c909935728141e3b5f54bc8bc643	This study aimed to explore the role of @PROTEIN$ in @LOCATION$ functions.	false
ba27202383a4706818b9bd7e821b43b6971227e9fc25c8093b50fb36a424eb2a	"Anti-vascular endothelial growth factor (anti-VEGF) therapy is the standard-of-care first-line treatment for macular edema associated with central retinal vein occlusion (CRVO) or hemiretinal @LOCATION$ occlusion (HRVO), and information is needed to assess the effect of anti-@PROTEIN$ therapy on patient-reported visual function."	false
ba609ab47f96a05e6a50255a85fbef5aa5ddeca3c0c7bd747414284a96d9e55e	Here we describe a dual approach using human endometrium to assess both the localization and quantitation of the @LOCATION$ migration inhibitory factor (MIF) receptor @PROTEIN$ by immunohistochemical techniques and Western blotting.	false
7ec7d55f45697eedf9a8dd0bbf063d3b6f980b8750d723bbf546f9bc4edd18bb	"IPA core analyses revealed that most of these genes were highly associated with cardiac hypertrophy, nuclear factors of activated @LOCATION$ (NFAT) gonadotropin-releasing hormone (GnRH), calcium, and cAMP-response element-binding protein (@PROTEIN$) signaling pathways."	false
af5fe75afbf8a0cf033cda76f26a3cf4ee22e7beb8ff69f803ed00bac152baf1	Genomic Mismatch at @PROTEIN$ Locus and @LOCATION$ Allograft Rejection.	false
21ca677fb7d3ba5226e532453f94f5064285d823fc94090708fca233b96af413	Transcriptome analysis of the distal @LOCATION$ of @PROTEIN$ null mice.	false
2e044239a109dc999812273bef0c636f20be457e1f0e8244fb37a654fd973285	Effect of @PROTEIN$/CXCR4 axis in @LOCATION$ stem cell transplantation for Parkinson's disease.	false
4170e818e06e7423d08b722b043fb4caa5b51a9b24c886bd1c9a81e8858cc699	"Irradiation had no effect on cell viability, @PROTEIN$ and actin expression, or cell distribution, but induced an initial increase in the secretion of interleukin (IL)-6, IL-8, monocyte chemotactic protein 1 (MCP-1), and @LOCATION$ endothelial growth factor (VEGF), followed by a decrease in secretion after 3 or 7?d."	false
efe49425526d6217c5f882bd8b83ea420f03eaab3e6ee074f1016ba322196b43	"This low-level disease persistence suggests that despite a molecularly targeted therapeutic approach, there are BCR-@PROTEIN$-independent mechanisms exploited to sustain the survival of a small cell population of leukaemic @LOCATION$ (LSCs)."	false
7795c271f550e360e08ac7771da322f18f2621398fbd1b2bcbc84c6fe403aa4a	The amygdala, @LOCATION$ and hippocampus expressed low levels of @PROTEIN$ mRNA.	expressed_in
24a64209fe9532d35a4892d6b3536549eb9658a196364a61b48d21de51d79d1a	Clinically affected cows also demonstrated significantly higher numbers of @PROTEIN$ and higher numbers of @LOCATION$ with intracellular MAP compared to subclinically affected cows.	false
005cd87fab8aff1ceaa817c9954d6dfc769b13790215856c506943b2ca990362	"Concomitantly, @PROTEIN$ also accumulated in @LOCATION$ cell bodies."	expressed_in
94c772adf4c8a48ca53b559298b0ca55287ee881619c5c4709097a8f3299a277	The expression of @PROTEIN$ is low in @LOCATION$ adenocarcinoma cells.	expressed_in
2823e6d8380af38a9b5ce7a59693d78a2542426f0cdc60513cf6f554c6f97133	p90 ribosomal S6 kinase (@PROTEIN$) is one of the downstream effectors in the extracellular signalregulated protein kinases 1 and 2 (ERK1/2) pathway and high expression of p90RSK is observed in human @LOCATION$ cancer tissues.	false
b38ac1806a3e7da3d684e54f696b3258d51409d8e3cf2d9cecc78dfd1e9e0e33	Some results showed that @PROTEIN$ from @LOCATION$ has high physical stability.	expressed_in
61d3e54cb4cf2e59caf1c92b90366bee9d9b4219ab1345c4b91aa443c130eeb8	TGF?1-@PROTEIN$ signaling inhibited FENDRR expression in @LOCATION$ fibroblasts.	expressed_in
cf438cb65a44a50786e2478576c48af41454729f8d6ffe363e0e8c0a30a5bc3a	"In this study we investigated cytokine response profile (IL1-?, IL6, IL10 and @PROTEIN$-?) of activated and non-activated THP-1 (immortalized monocyte-like cell line), primary human @LOCATION$ (liver resident macrophages) and human primary peripheral blood mononuclear cells following exposure of a panel of nanomaterials or ethanol."	expressed_in
c61bfa168366dbe05d27ffa99d0088556d284b3afa6807ebfb222b136f5fcae7	"The abilities of BMSC differentiate into @LOCATION$ or fat cell under the transfected with agomiR-130a or antagomiR-130a were analysed by the level of ALP, osteocalcin, Runx2, osterix or @PROTEIN$? (PPAR?), Fabp4."	expressed_in
ba29b2f5fde2e8f3e3423428e48afc34bb47e625e80b5d5e5f3ac08423530c2b	Serum @PROTEIN$ levels reflect clinical features of @LOCATION$ HLH.	expressed_in
0ec384969b3e8a856c4a19d059ddcf0b2777676b1ef6de8b1b1b45b321cdf71d	"Evaluation of the cytokine profile of culture supernatants by using the Luminex xMAP technology, revealed that AFP did not affect the levels of IL-4, IL-5, IL-7, IL-8, IL-10, IL-17, IFN-? and @PROTEIN$-?, but at concentrations of 50 IU/ml and 100 IU/ml it increased IL-2 production by activated @LOCATION$."	false
95a63912e3d23d83c951c863b2c487227aec9ed9a1e4cc9976cf5dd660043fda	"Confirmation of @PROTEIN$ expression in tissues and cell culture has been adopted as validation standard in @LOCATION$ meshwork research; thus, a discussion of antibody characteristics and fidelity is critical."	false
d7708c1fd73868ff30823b1d0e54bea7edbf3bb88a031dcdbf804afa2cb8c518	The low-@PROTEIN$ diet significantly increased @LOCATION$ adiponectin level.	expressed_in
208c197d2a1c91c27d8affd5d8d52aeede60586839e922a729368998dc56ff2c	lncRNA?NR024118 overexpression reverses LPS?induced inflammatory injury and apoptosis via NF??B/Nrf2 signaling in @PROTEIN$5 @LOCATION$.	false
e51d11b02d5905a80f7699ec6bbe6641129791bf04090a566efc920bd5ad12e1	"The secretion of IFN-?, IL-17, IL-6, @PROTEIN$ is responsible for a sustained local inflammatory reaction that is organized around tertiary @LOCATION$ follicles."	false
3f4a4595441fceaf3c41c76cb59dd1b4b234d54ea7866794f1e5ac090212df1b	More studies are needed to disclose the effect of @LOCATION$ sampling on @PROTEIN$.	false
82199ce6b972b1a33b06c3a8a0587014753d60a840f2b840beede0eba9a7a5e2	Hypoxia increased @LOCATION$ endothelial growth factor (@PROTEIN$) mRNA in ASCs.	expressed_in
c20ad598b3b9a1de9cb25c821e7311589a040d5208cb67c61f65f8fb1be55275	However, the role of @PROTEIN$ in @LOCATION$ browning remains unknown.	false
e795e0deb5fb52bb02ee39dd3aaac29c888529c5ddd1f898c5150d73ee066755	"Naringenin decreased GRP78, @PROTEIN$ and nuclear ATF6 levels in peritoneal macrophage and @LOCATION$ and reduced atherosclerotic lesion at aortic root, but reversed by tunicamycin."	expressed_in
2902b025cc0533b2929d025c004e5833a91c57a2f28eefb3b993c3039a81662a	More @LOCATION$ and glia cells were generated from NSCs with @PROTEIN$ silencing.	false
9781b9153ba6ab5459a004dbe366eee04924aad8d77b2d0caffcefaad934b579	We could determine that RuvBL1 regulates insulin signaling through the @PROTEIN$/mTOR pathway in liver physiology in vivo as well as in normal hepatocytic and HCC @LOCATION$.	false
3c5a5e744655abb3fe938fd6ace4f8bbbd3203c7d7031e5b73865b7732496456	"@LOCATION$ MC3T3-E1 cell and mitochondrial function were determined by cell viability, M-CSF level, and @PROTEIN$ activity and superoxide production, membrane potential, and ATP level, respectively."	expressed_in
3e6d3d01d33a56e457331b9f61a8b382ecd6c56c5dd456e4212868cf89ce8622	"In addition, the expression of interleukin (IL)-1?, IL-2, IL-4, IL-5, IL-12, interferon (IFN)-?, and @PROTEIN$ (TNF)-? also increased in the @LOCATION$."	expressed_in
d2a31112c40a25a5e48116ac607e5dc0e90b62cdd78af974c11918d566cb158b	"Moreover, we treated hypercholesterolemic zebrafish model in vivo or human umbilical @LOCATION$ (HUVEC) in vitro with rosiglitazone, an agonist of @PROTEIN$ ? (PPAR?)."	false
f75501fbbaff2ff2a84aacae26c483123a3abdac47f3a31ca766ac7e78b91084	We investigated the role of @PROTEIN$ on adult @LOCATION$ neurogenesis.	false
687b640c77b836968da9b6f6cee267981d7a26f1f1dc2681f95bee28b5f38bca	"Analyte levels (expressed as mass-normalized response ratios, RR/m) differed significantly between ACU1 and ACU2 (Mann-Whitney (MW), P?<?0.05) in all skeletal elements for all analytes investigated, and between @PROTEIN$ and REP2 in most @LOCATION$ for 3-MEM and 3-HOM, but in all skeletal elements for DXM."	expressed_in
832bc523990ddaab691d400a61e37b8bdccedd7fe0f128a09865a0fa07d614b0	Strong positive correlation was obtained between @PROTEIN$ in @LOCATION$ and milk.	expressed_in
884874e5a1c76a93e0c027c6a528ce59f517ddea927695affd4565bd3e76d5f0	The @LOCATION$ @PROTEIN$ level was moderately increased at 25 ng/mL (<10).	expressed_in
d9cfc30b11e1e0d3a6e9805baedacbe9be413008da5c126a4459418158c498f0	"In the present study, we show that PD-L2+ B1a cells exhibit increased capacity for differentiation to CD138+ @LOCATION$ that secrete natural IgM antibody, as well as @PROTEIN$ and GM-CSF, in response to TLR stimulation."	expressed_in
64967df2922be7dda5a4fc60dde02f2857967047fd504b5ea3786d0d23041072	@PROTEIN$ is expressed in insulin-sensitive tissues such as @LOCATION$.	expressed_in
defc5798a98390db59fa8dc5c9924a09cf0251e93289c88732c2d8b38d5cb34f	@PROTEIN$ expressed in @LOCATION$ and auditory nerve of mouse cochlea.	expressed_in
730de92024bf7d5b5db4c368acef4390d64e1611f5fd1f85207b6e74814aec23	@PROTEIN$ genotypes were determined at three loci in a sub-population of patients recruited to the PRIME study (a multicentre prospective cohort study that followed older @LOCATION$ for 8-weeks post-discharge to determine ADR).	false
881623816f3e8e9e6fea069577c537ae07ad5972c98a17f3f1c47d254a1f62da	"Furthermore, @PROTEIN$-Cre mice label a wide variety of RGCs distributed throughout the @LOCATION$ and Cre activity is detected embryonically, shortly following RGC differentiation."	false
ebb4c6d90fbec343f46bee6421d772e0e27d571b63e83ac0a36fd4d91cfcda6a	"Mechanical stimulation was able to significantly modify the expression of collagen type II (collagen 2), aggrecan, SOX9 transcription factor, @LOCATION$ oligomeric matrix protein (COMP), collagen degradation marker C2C and @PROTEIN$ (VEGF)."	false
1deb05b9ae4fd9048973037d86ce613035479ed2babba64c672421b4431915ad	@PROTEIN$ activation in @LOCATION$ controls systemic energy homeostasis.	expressed_in
bc836484019aab386f7da24258b416110d8969401df1d278751431f6d667f711	These findings suggested that delayed recanalization at 3?days after MCAO improved neurological outcomes in rats via increasing endogenous FGF21 expression and activating FGFR1/PI3K/@PROTEIN$ pathway to attenuate @LOCATION$ apoptosis in penumbra.	false
79b62bf5846f8039f5ce6f4c1d523396169cb0089b83bba00560428a3fc8451b	The role of circulating @PROTEIN$ in @LOCATION$ failure (HF) is unknown.	false
c2a7935ad1854afd8df7fca218fd89443e063dfb62f934f83cf592537ea440f5	"Our data revealed that (1) the P-AKT2/SPK1 (P-SPK1) and P-MEK/P-ERK signaling cascades acted separately in the regulation of macrophage migration; (2) P-AKT2/SPK1 (P-SPK1) played a relatively important role compared to P-MEK/P-ERK cell signaling in LPS-induced macrophage migration; (3) atorvastatin (ATV) inhibited @LOCATION$ migration by inhibiting P-AKT2/SPK1 (P-SPK1) cell signaling, but ATV could increase P-MEK and P-@PROTEIN$ protein expression; (4) ATV has a beneficial effect on LPS-induced myocarditis via inhibition of P-AKT2/SPK1-mediated macrophage recruitment, apoptosis, TNF?, IL-1?, and IL-6; (5) ATV-offered protection against LPS-induced myocarditis was eliminated from SPK1-KO mice; (6) SPK1 may play a harmful role in LPS-induced myocarditis."	false
11567f919b1239a3ed134e18c11983b39bddd13efce8fd11b359a6f97bed1cae	The aim of our study was to investigate the role of ?4GalT1 in the progression of inflammation and analyze the association between ?4GalT1 and @PROTEIN$ (TNF)-? in human OA @LOCATION$-like synoviocytes (FLS).	expressed_in
674720e17777d45b9ed405a7cd6d2b7eea33a8626fa50fc744315d8be7e486c0	"DMGCs induced innate immune responses in epididymal epithelial cells (EECs), thereby upregulating the pro-inflammatory cytokines such as tumor necrosis factor-? (@PROTEIN$-?), interleukin-6 (IL-6), and interleukin-1? (IL-1?), as well as the chemokines such as @LOCATION$ chemotactic protein-1 (MCP-1), monocyte chemotactic protein-5 (MCP-5), and chemokine ligand-10 (CXCL10)."	false
29cdf5313559a5bcef20d813b4d6c240b90d1aa5f3f55e329c795fa0109ee39c	Cancer-@LOCATION$ microenvironmental interactions promotes @PROTEIN$ signaling.	false
af5858ccd62b32ec6f13487605534cbdbadf7b63ad0dd27a1a26c0a09388d49a	"The results revealed that PL pretreatment reduced OVA?induced airway @LOCATION$ infiltration, reduced Th2 cytokine expression, both in the bronchoalveolar lavage fluid and in lung tissues, reduced the serum IgE level, pro?inflammatory cytokine [@PROTEIN$ (TNF)?? and interleukin (IL)?6] and intercellular adhesion molecule expression, as well as nuclear factor (NF)??B activation."	false
9cbef67c686de82efc03e10593370476f8ae05d5f3a8e130876da14d1fd7f1cd	"Surrogate scores of steatosis and fibrosis including the @LOCATION$ liver index (FLI), @PROTEIN$-4, APRI and transient elastography showed significant reductions."	false
9704dc23978472e354cf5e2fb7baad7ad1005042a2469283060297ad1fae3ed4	"The institution based basic genetic research study involved collection of fresh @LOCATION$ samples, DNA extraction, PCR analysis, and amplification using the specifically designed forward and reverse primers for targeting the commonly occurring mutations in @PROTEIN$ gene."	false
0889234370edda058051c9c3941e5c0a5f73c36f8557bef470eb5373c103be46	Neither @PROTEIN$ nor PD-Ls expression in the @LOCATION$ predicted outcomes.	expressed_in
3b751fe9aa2062907175acde44c2de8c4d7d409736a77e0f5e66393d4234fd3e	All four @PROTEIN$ were expressed in both normal and lesional @LOCATION$.	expressed_in
432fea2c25e1e6012f0ecb123528bf71a9b6a602fd884011d9e7e8eafc7a6c35	"The secondary outcomes include the tumor necrosis factor ? (@PROTEIN$-?) counts, interleukin 6 (IL-6) counts, interleukin 10 (IL-10) counts, procalcitonin (PCT), lactic acid, the level of @LOCATION$ subsets (CD3+, CD4+, CD8+, CD4+/CD8+), monocytes of human leukocyte antigen DR (HLA-DR), C-reactive protein (CRP), the numeration of leukocyte, intra-abdominal pressure, and adverse events or reactions."	false
7210a323e535b8d287211cd2ddeb1f4e56d79a5aee2a47368a13b500be745f20	To study the expression and significance of micro ribonucleic acid (miR)-126 and @LOCATION$ endothelial growth factor (@PROTEIN$) in the vitreous body and proliferative membrane tissues of affected eyes and plasma in proliferative diabetic retinopathy (PDR).	false
182d6d95ab70abd7d9ddf103aae65878c17e4236cdc28c899245843506eed3ea	Acute exercise and @LOCATION$ BACE1 @PROTEIN$ content: a time course study.	false
ed0ab1bc959d2d4a27908e3fc71dac814427776ea1d707c4a93467e42e26d7a9	The normal @LOCATION$ also contained S100B and @PROTEIN$ expression.	expressed_in
688550f357ff1c7e40cc827bebd37ea18173a63d1fedeb14e155926e4119c0cf	"Our aim was to elucidate the mechanisms involved in follicle activation of the ovarian reserve after human ovarian @LOCATION$ transplantation, with specific focus on the role of the effectors of the PI3K (mTOR and @PROTEIN$) and Hippo (YAP) signaling pathways and whether they are somehow altered."	false
840a5fab7e29e37b48d982d8d4050194305f1400b7382a226811450790584dd3	Cellular localization of melatonin receptor @PROTEIN$b in pigeon @LOCATION$.	expressed_in
ef03e2e46cfcf2eba6d5edf331087c00aee5107f13ab739543a7d21e7ea59b51	@PROTEIN$ in @LOCATION$ cancer: A wolf in sheep's clothing?	false
1a97b9a6b495a32e7ae5ea021220871deb93d405a736f22a2a8fadb996dba9aa	"The culture of secondary follicles, prematuration, and maturation of oocytes from antral @LOCATION$ increase the expression of @PROTEIN$, PARN, H1FOO, cMOS, GDF9, and CCNB1."	false
62d1b9ca45d6f5f0850d1750f93542d320390f0ba61bded5de418f9d1f60792b	The @PROTEIN$ immunoassay showed that EREG was released from the NP @LOCATION$.	expressed_in
c9a4eec833d73a228e12486cb5e8c6fee6cf18348e1e7844a195a9f6c536356a	"The in vitro studies demonstrated that the SV/CS/PET-HA ligaments induced osteogenic differentiation in the MC3T3 cells, with higher mRNA expression levels of @PROTEIN$-1, @LOCATION$ morphogenetic protein-2, osteocalcin and alkaline phosphatase than those in the CS/PET-HA and PET-HA ligament groups."	false
6771c1190a4549935d2210fff89dba524752f33aac1beed447d37a00f32e5a7a	The transcriptional coactivator and histone acetyltransferase @PROTEIN$ regulates @LOCATION$ precursor cell development and migration.	false
e1295036b9ec73a23a8dadca4f7a109ffe610e3e8b2b66528cfb4f50f3b5f2f7	"Therefore, these two phenolic compounds promoted glucose transport through two separate routes, and they had an additive effect on the increase of glucose uptake in @PROTEIN$-resistant @LOCATION$ cells."	false
906944c83a84f1368743711f35d3df7d38e401955a44f8dc6fe5cd800659fa12	"SHED and hair follicle stem cells (HFSCs) (n = 3) were cultured in media combinations; i) STK2, ii) DMEM-KO+10% FBS, iii) STK2+2% FBS and profiled for the presence of positive hair growth-regulatory paracrine factors; SDF-1, @PROTEIN$, VEGF-A, PDGF-BB and negative @LOCATION$ growth-regulatory paracrine factors; IL-1?, IL-1?, TGF-?, bFGF, TNF-?, and BDNF."	false
1b058daac3a780d82753a537c0aceef1a93164ff41ce746611b7e4c95e93bf2a	IL-12p40 and @PROTEIN$ are also abundantly expressed in human AAA @LOCATION$.	expressed_in
e9b7c03621a09f00a14eba19207692e4ffac8f1ed2280031ad260629adfd3033	"Markers of both general and @LOCATION$ neuroinflammation, including @PROTEIN$ mRNA, ICAM-1 protein, PDGFR? protein, and GFAP protein, were elevated in apoA-I-deficient APP/PS1 mice."	false
b9290d44a8a72492c3967400b96f3040ad84bf105b9c592b47ac2b85f4d9af35	"Intrinsic apoptosis signaling is regulated by different proapoptotic and antiapoptotic molecules: proapoptotic BCL-2 homology domain 3 (BH3) proteins activate prodeath molecules leading to cellular death, while antiapoptotic molecules including @LOCATION$ lymphoma 2 (@PROTEIN$) prevent activation of prodeath proteins and counter-regulate apoptosis induction."	false
483dd21e0db05fb576c306d87fa8401092a707d98e1f54bbac14b1eeb51853a1	RNA sequencing of interferon (IFN)?-stimulated mouse @LOCATION$ analyzed by ingenuity pathway analysis revealed significant involvement of tumor necrosis factor receptor 1 (@PROTEIN$) signaling in addition to IFN? signaling.	expressed_in
cb7d5b42ee63979bc6dcf162dcb65c9e03d890160c697c642b8841ecf1ce9326	@PROTEIN$ as a Screening Biomarker in @LOCATION$ Sepsis.	false
cdd7c756659b14b8e4ffd320d8bc955cb654f8358a813a25335e61f5a17c1b24	Here, we revealed high levels of TNIP1 and @PROTEIN$-?/NF-?B in glioma @LOCATION$.	expressed_in
0a961764386c68c62ed899d00655bf5a189fb067d83e9354edf4046e6feef65c	@PROTEIN$ gene influences immune response and @LOCATION$ development in chicken.	false
0303168b960cd4b635f0a59c4eedd70722871b2d8e19f073ea930368779348b2	@PROTEIN$ is ubiquitous but strongly expressed in @LOCATION$.	expressed_in
4fb7cf0adba406940eb9e7c4ea324c1edd2fdaa2cbd4a65a2e33715e7c6f1d77	Therefore, this method can be applied to determine @PROTEIN$ in human @LOCATION$.	expressed_in
7f3fe15ed82c9d04b5c4a4a22f86f381751289dbe9b84b3cc496ad8bfa8b58fe	Early studies of the association of a large group of gene candidates indicated that only the polymorphic markers of angiotensin-converting enzyme (ACE) I gene and endothelial @LOCATION$ cell NO-synthetase (@PROTEIN$) gene were associated with diabetic nephropathy (DN) in type 1 diabetes mellitus.	false
4941623746af103eac4f6dfcff4a58dd1ce241cf609702b02436803fbcf75043	This is the first systematic review that provides an overview of scaffold materials and techniques for @PROTEIN$-secreting cells or cells to be differentiated into @LOCATION$.	false
4342dc10a179b20d5298a304faa9ec4e111dc34a412c901298b43e66e1fddb1e	"Cytospin preparations were made, and immunocytochemical staining was performed with the pan-macrophage marker CD68, M1 macrophage markers inducible nitric oxide synthase (iNOS) and chemokine (C-C motif) receptor 7 (@PROTEIN$), and M2 @LOCATION$ markers arginase 1 and CD163."	false
c1755080259653a151504ef03767e3e33b18856be827aa267f93e6ef8c99af08	"Following these steps, the amount of DNA fragmentation, the expression levels of connexin 37 and @PROTEIN$ proteins, the secretion levels of estradiol, progesterone and androstenedione by the @LOCATION$ and the quality of mature (MII) oocytes were assessed."	false
e0952011b2efb32bdffe184e95151280ef97f014de4ca2695dd10cc94f4ce53a	Initial workup revealed low @LOCATION$ @PROTEIN$ and normal C-peptide.	expressed_in
27ca78ad3a12d9fd870c7f42a0438ee30f47b6c4e40fc79553c367c4157bd725	ILC3s and influenced @PROTEIN$3 abundance in colonic @LOCATION$.	expressed_in
42a16994c2938038b355b60ee5620eaefe36449b760dc19549c13960f101dfee	@PROTEIN$ kinase: a potential biomarker of triple-negative @LOCATION$ cancer.	false
fb1d325e3b8ca0545fd18d8325749bf367bc9746600ae03a03db49ade36bccad	"Transient depletion of @PROTEIN$ in @LOCATION$ cells leads to a transient upregulation of cyclin D1 that is quickly suppressed with no resulting effect on proliferation, Taken together, we show that JARID2 and the PRC2 complex regulate skeletal muscle proliferation in a precise manner that involves the repression of cyclin D1, thus restraining proliferation, and repressing RB1, which is required for mitotic exit and terminal differentiation."	expressed_in
d1d48fe28f423baf7128c6b2685241cd43e636ea398ccd9b19178182f4a5da44	We aimed to study @PROTEIN$ levels in patients with @LOCATION$ cirrhosis.	false
0b8eba414fe4ca86717eb2d983723ab9f7fcc5aa283886d9d7e3f0ea7d3167d5	@PROTEIN$/NOK correlates with ferroptosis in non-small cell @LOCATION$ carcinoma.	false
23263a876e858d9fe5ec7bfe106721604380ab3e94c85c617d14b8819178afe1	The levels of the PD-L1 mRNA and @PROTEIN$ in @LOCATION$ samples were detected.	false
888e577793bcdbf4601b606845aac5a70a1f8bb168df1313672091c6d4a909a7	@PROTEIN$ Alters @LOCATION$ Macrophage Fate and Function in Obesity.	false
434e89a4a174bcffad17f989419ee22191f7f67261cb62f19326038100b81063	@PROTEIN$ was undetectable in the @LOCATION$.	expressed_in
fa863976c89164d8b18c703a218549989c13e25f1919bb8ec903328f8bda0a9f	"We measured levels of interferon (IFN)-?, interleukin (IL)-17A and IL-10 in @LOCATION$, and BDNF, IL-1? and @PROTEIN$ (TNF)-?) in the hippocampus."	false
39f8c07aa610125d7bc88cc283479566277a8db58178c208842b8f9b349e4030	We found that @PROTEIN$ was upregulated in the @LOCATION$ from a rat MI model.	expressed_in
95344f62162c65169e3cf48e1709a0882d9a220b4cbc80d2d0aaf079f48ca92a	The impact of somatic @PROTEIN$ mutations in colorectal @LOCATION$ metastases.	false
2e3e33d651686c5844edce69593c8cececa23b59abaf1a4d58ad44ad632a512d	"In inflammatory myopathy associated with @PROTEIN$ inhibitors, CD8+ cells appear to predominantly destruct @LOCATION$."	false
d647b8b0335fda9553a5c618de704065299bf767b9b55dcc7f46a4f71e36776f	"In human kidneys, nine aquaporins (AQPs) including AQP1-8 and @PROTEIN$ have been found and are differentially expressed along renal tubules and collecting ducts with distinct and critical roles in the regulation of @LOCATION$ water homeostasis and urine concentration."	false
403617488727550a844ec6d89ca72bcd9c0d8aed0679a9b09a08a3bcb0e6f058	"The effects of gain- or loss-of-function of miR-96 on the inflammatory cytokine release (IL-6, IL-10, and TNF-?), @PROTEIN$ (ALP) activity, calcium nodule formation, along with the viability of @LOCATION$ were determined."	expressed_in
1366e3604d6dcc9b9d81393643fa9c9befad92897f53b592411bcc5bab9aa6ca	Slight decreases (ns) were noted in TEWL in lesional and unaffected @LOCATION$ and @PROTEIN$ levels.	false
fea1a58f10e0352820e7a7bc8fffdfc7bb6e4ff5a557b405006faf4f9eff6ccb	The impact of @LOCATION$ @PROTEIN$ binding on bacterial killing of minocycline.	false
d5d032669d99d9a3ea78f0353ffe7e69c185765dbd038b9e97c9b7f033b1f4e3	@LOCATION$ permeability was not significantly altered in @PROTEIN$ KO mice.	false
5f6b8d30a91dd15eedeef552ebcb483afcef8294bcfa0b597bba5f1a15ac1528	The role of @PROTEIN$ in @LOCATION$ function and repair of older mice.	false
d97de69e081635b21b28dbbc45a30ad639f5f869670ab09c4411f9680c640ee6	"In conclusion, @LOCATION$ parameters, @PROTEIN$ reactivity, and percentage of PCNA-positive cells in the small intestine were affected during pregnancy."	false
de30265c2639e3942d6ca3ef8e7dc18139d7919c4c008b26bf4531af411463ac	With aging, the @LOCATION$ becomes thick and develops a @PROTEIN$ layer.	expressed_in
d9d176d0a1a86fdefa57481a076a8fbd7bb6d1aa6b569e5b3d50e02b381758d8	"After 1 month, spontaneous electrical activity(SEA), @PROTEIN$ optical density (OD), @LOCATION$ fiber diameter, and ACh content were measured."	false
adf7cf170ecde84f7228256a7620ee76030092d39cdfab86f3bb7c094653b1a0	Comparison of @PROTEIN$ expression in normal human @LOCATION$ versus human Burkitt Lymphoma cell lines indicates overexpression of GCN5 in lymphoma.	expressed_in
b466901083237b571ed3ae20af4dea7891a4d86b6f58a83e382ae4fdd0dafce5	The @LOCATION$ @PROTEIN$ level was higher in the OBG than in the COG (P < 0.05).	expressed_in
432ba02c035731a1f6daf328c9b9b3b1784608b38c1e93032acfcd0daac01428	The high @LOCATION$ meal increased postprandial circulating @PROTEIN$ but not FAP.	expressed_in
16b48ca1bf9a3cd91e7478654189ebd3bb16fb5062a33716364d1b84094bc2ec	The @PROTEIN$ expression was upregulated in human and rat CEP @LOCATION$.	expressed_in
992b868cc562eafeebb013dee016160e9ea478d1b5bdbdd6e9e60af027efc8d2	@PROTEIN$ in @LOCATION$ aging - From innocent bystander to major contributor.	false
812600d1a281f2d8ae50a58a9dbd659a37be75bcbfb46c383d1ab3b3d4155c80	The @LOCATION$ harbors Sertoli-like cells capable of expressing @PROTEIN$.	expressed_in
2de84b4449e30c6276a9fe9bf98ff446b022d13a985775b190d26eb23b26371e	@PROTEIN$ genotypes were detected in oral @LOCATION$ of subjects.	expressed_in
6d2a831cb805c5ae72263a7c0e8b2ec0f8c0fe25bd12e1bb26daa4f5627b9920	"After regorafenib treatment, downregulation of related genes in invasion (vascular endothelial growth factor (VEGF) and matrix metallopeptidase 9 (MMP-9)), proliferation (CyclinD1) and anti-apoptosis (X-linked inhibitor of apoptosis protein (XIAP), @LOCATION$ leukemia-1 (@PROTEIN$), and cellular FLICE (FADD-like IL-1?-converting enzyme)-inhibitory protein (C-FLIP)) were found."	false
0996bb725ed935c5556ca358cb161ad3d75d594db8e3c9aa320be99a801c3476	"GO and KEGG enrichment pathway analyses displayed the significant immune responses included TLR, MAPK, JAK-@PROTEIN$, phagosome and three infection-related pathways (ie., Salmonella, Vibrio cholerae and pathogenic Escherichia coli) in @LOCATION$."	false

